{"type":"FeatureCollection","metadata":{"coordinateSystem":"WGS84","status":"verified","source":"user-provided-county-geojson","dataDate":"2023 (source year property)","reviewedAt":"2026-10-07","coordinateSystemBasis":"Each source geom EWKB declares SRID 4326 and matches its GeoJSON geometry within 1e-6.","scope":"User-selected four surrounding counties; not a complete adjacency list. County borders only; no surrounding township data loaded.","geometryRepaired":false,"geometrySimplified":false,"originalDirectory":"data/map/raw/surrounding-counties","checks":[{"file":"曲沃县_141021.geojson","name":"曲沃县","adcode":"141021","featureCount":1,"geometryType":"MultiPolygon","valid":true,"validity":"Valid Geometry","bounds":[111.37604,35.552896,111.626003,35.862377],"sridFromEWKB":4326,"geojsonMatchesEWKB":true,"sha256":"a7c0579c5f63816bf522bc0966eda765121eacf9a061897c5b963e4ada535deb"},{"file":"浮山县_141027.geojson","name":"浮山县","adcode":"141027","featureCount":1,"geometryType":"MultiPolygon","valid":true,"validity":"Valid Geometry","bounds":[111.645954,35.814202,112.218826,36.101124],"sridFromEWKB":4326,"geojsonMatchesEWKB":true,"sha256":"078ae93c16663d3d70970134bb0f592f96d30706b60b323056c3517fc8e4f812"},{"file":"翼城县_141022.geojson","name":"翼城县","adcode":"141022","featureCount":1,"geometryType":"MultiPolygon","valid":true,"validity":"Valid Geometry","bounds":[111.562274,35.386354,112.053684,35.862813],"sridFromEWKB":4326,"geojsonMatchesEWKB":true,"sha256":"5fab36fdf9b749a345deecb60b80ff324f87ffa4103035fca00672b3f0ef385e"},{"file":"阳城县_140522.geojson","name":"阳城县","adcode":"140522","featureCount":1,"geometryType":"MultiPolygon","valid":true,"validity":"Valid Geometry","bounds":[112.014663,35.21097,112.634868,35.687045],"sridFromEWKB":4326,"geojsonMatchesEWKB":true,"sha256":"85abe1df08045d02f8a1cd3c5a15c616aab5a4cd0a822ecb8b4a956bb6b01527"}]},"features":[{"type":"Feature","properties":{"name":"曲沃县","adcode":"141021","dataYear":"2023","sourceFile":"曲沃县_141021.geojson","sourceSha256":"a7c0579c5f63816bf522bc0966eda765121eacf9a061897c5b963e4ada535deb"},"geometry":{"type":"MultiPolygon","coordinates":[[[[111.615094,35.645656],[111.614812,35.645505],[111.61461,35.645383],[111.614471,35.645283],[111.612458,35.641351],[111.612083,35.640157],[111.612273,35.639919],[111.612452,35.639675],[111.612569,35.639496],[111.612654,35.639349],[111.612789,35.639087],[111.612822,35.639011],[111.61285,35.638933],[111.612879,35.638814],[111.61289,35.638733],[111.612896,35.638653],[111.612894,35.638531],[111.612886,35.638451],[111.612873,35.63837],[111.612844,35.63825],[111.612819,35.638172],[111.61279,35.638094],[111.612757,35.638017],[111.612719,35.637942],[111.612652,35.637835],[111.612599,35.637768],[111.612511,35.637672],[111.605978,35.630614],[111.605071,35.630191],[111.604006,35.629694],[111.602623,35.629367],[111.602488,35.629316],[111.60236,35.629254],[111.60228,35.629206],[111.602204,35.629152],[111.602135,35.629095],[111.602072,35.629032],[111.602016,35.628966],[111.601949,35.628858],[111.601916,35.628783],[111.60188,35.628666],[111.601864,35.628586],[111.601142,35.624436],[111.600792,35.622418],[111.60059,35.621256],[111.600562,35.621095],[111.597175,35.613115],[111.597374,35.609523],[111.597552,35.609381],[111.59769,35.609264],[111.597755,35.609203],[111.597817,35.60914],[111.597875,35.609074],[111.597926,35.609005],[111.597991,35.608896],[111.598026,35.608822],[111.598056,35.608745],[111.59808,35.608668],[111.5981,35.608589],[111.598128,35.608428],[111.598794,35.603852],[111.598805,35.603772],[111.598812,35.603691],[111.598812,35.60357],[111.598799,35.603449],[111.598784,35.603369],[111.598762,35.60329],[111.596084,35.595],[111.596045,35.594882],[111.595996,35.594766],[111.595939,35.594651],[111.595854,35.594501],[111.59574,35.59432],[111.595663,35.594215],[111.595609,35.594147],[111.595521,35.594048],[111.595459,35.593985],[111.595325,35.593866],[111.595254,35.59381],[111.595179,35.593756],[111.595101,35.593706],[111.59502,35.59366],[111.594935,35.593619],[111.594848,35.593582],[111.590703,35.591997],[111.584718,35.588209],[111.580164,35.585326],[111.58008,35.585281],[111.580001,35.585232],[111.577024,35.583192],[111.576954,35.583136],[111.576866,35.583041],[111.576818,35.582972],[111.576758,35.582861],[111.575266,35.579477],[111.575217,35.579361],[111.575159,35.579206],[111.575111,35.579049],[111.575062,35.57885],[111.575028,35.578688],[111.575007,35.578567],[111.574993,35.578446],[111.574986,35.578325],[111.57499,35.578204],[111.575005,35.578084],[111.575023,35.578005],[111.575073,35.577847],[111.57512,35.57773],[111.575176,35.577616],[111.575242,35.577507],[111.575319,35.577405],[111.575379,35.577341],[111.575444,35.577281],[111.575517,35.577226],[111.575594,35.577174],[111.575675,35.577126],[111.575759,35.577084],[111.575848,35.577048],[111.57594,35.57702],[111.576036,35.577002],[111.576134,35.576998],[111.576232,35.577004],[111.577195,35.575858],[111.577921,35.573069],[111.577931,35.573026],[111.577978,35.572803],[111.578026,35.572477],[111.578337,35.570144],[111.578456,35.569253],[111.579674,35.560113],[111.579701,35.559824],[111.579679,35.559582],[111.579642,35.55934],[111.579631,35.559306],[111.579588,35.559239],[111.579522,35.559181],[111.569878,35.553056],[111.569797,35.55301],[111.56971,35.552971],[111.569619,35.552939],[111.569525,35.552914],[111.569428,35.552899],[111.569331,35.552896],[111.569234,35.552903],[111.569137,35.552916],[111.568991,35.552945],[111.568702,35.553012],[111.568608,35.553037],[111.568468,35.553079],[111.568377,35.553111],[111.5625,35.555161],[111.562277,35.555253],[111.562196,35.555298],[111.562118,35.555348],[111.562044,35.555402],[111.561433,35.555879],[111.561116,35.556136],[111.560757,35.556542],[111.56071,35.556639],[111.560271,35.557553],[111.560193,35.557746],[111.5601,35.557998],[111.560008,35.558251],[111.55996,35.558366],[111.559892,35.558519],[111.559724,35.558857],[111.558967,35.560359],[111.558867,35.560543],[111.558777,35.560688],[111.558677,35.560827],[111.558568,35.560963],[111.558453,35.561095],[111.558333,35.561224],[111.558176,35.561382],[111.554202,35.565297],[111.551008,35.566953],[111.547842,35.568594],[111.545165,35.568607],[111.544841,35.567437],[111.542463,35.566061],[111.542299,35.565968],[111.542171,35.565908],[111.542082,35.565874],[111.541991,35.565844],[111.541898,35.565817],[111.541755,35.565783],[111.54161,35.565754],[111.541414,35.565722],[111.541069,35.565676],[111.540922,35.565664],[111.540774,35.565659],[111.540626,35.56566],[111.53417,35.565698],[111.534073,35.5657],[111.533976,35.565705],[111.533833,35.565722],[111.533739,35.56574],[111.533646,35.565763],[111.533507,35.565808],[111.533326,35.565877],[111.533195,35.565935],[111.53307,35.566002],[111.532993,35.566051],[111.532886,35.566135],[111.532752,35.566259],[111.532689,35.566324],[111.532635,35.566391],[111.532596,35.566463],[111.532576,35.566539],[111.53258,35.566618],[111.532608,35.566692],[111.532655,35.56676],[111.532716,35.566822],[111.532824,35.56691],[111.533013,35.567046],[111.533092,35.567093],[111.533218,35.567153],[111.533351,35.567202],[111.533491,35.567242],[111.533635,35.567273],[111.533832,35.567304],[111.534032,35.567326],[111.534231,35.567342],[111.53433,35.567344],[111.534921,35.567338],[111.533324,35.568238],[111.528706,35.569215],[111.517821,35.569259],[111.511565,35.569284],[111.508694,35.568566],[111.503445,35.567255],[111.501404,35.566712],[111.498708,35.565994],[111.49799,35.565352],[111.497386,35.56494],[111.49333,35.562178],[111.493273,35.562148],[111.492916,35.562088],[111.492803,35.562088],[111.492747,35.562089],[111.491902,35.562138],[111.491251,35.562402],[111.491241,35.562406],[111.486654,35.564263],[111.48618,35.564602],[111.486042,35.564701],[111.486019,35.564718],[111.485993,35.564737],[111.485943,35.564772],[111.485533,35.56528],[111.476289,35.562278],[111.473852,35.559923],[111.473231,35.559741],[111.473212,35.559741],[111.472668,35.55982],[111.459792,35.562081],[111.459259,35.562281],[111.459173,35.562313],[111.458668,35.562714],[111.458612,35.562761],[111.458594,35.562776],[111.458052,35.563377],[111.457717,35.563915],[111.457699,35.564023],[111.457194,35.564485],[111.457157,35.564516],[111.456707,35.564656],[111.45665,35.564672],[111.455955,35.56469],[111.455899,35.56469],[111.455861,35.56469],[111.455842,35.56469],[111.455052,35.564494],[111.44715,35.562466],[111.44666,35.562314],[111.437368,35.558771],[111.437265,35.560075],[111.437335,35.56055],[111.437516,35.560971],[111.438463,35.561993],[111.439904,35.563233],[111.44083,35.564438],[111.44609,35.57145],[111.446881,35.572656],[111.447381,35.573899],[111.449721,35.583577],[111.450136,35.585516],[111.450138,35.586029],[111.450118,35.58645],[111.449763,35.58711],[111.44934,35.587497],[111.448489,35.587774],[111.446408,35.588295],[111.445938,35.58848],[111.445446,35.588738],[111.444914,35.589857],[111.444605,35.59064],[111.441896,35.59749],[111.44166,35.598085],[111.441288,35.599026],[111.440311,35.604779],[111.440426,35.605273],[111.442081,35.608599],[111.442577,35.609238],[111.442892,35.609402],[111.44352,35.609455],[111.44473,35.609267],[111.445336,35.609265],[111.445942,35.609446],[111.447068,35.610284],[111.447496,35.610685],[111.449481,35.612728],[111.449774,35.613039],[111.452447,35.616524],[111.453254,35.617731],[111.45348,35.618133],[111.453528,35.618683],[111.453442,35.619269],[111.451421,35.622774],[111.451198,35.623104],[111.450863,35.623325],[111.450348,35.623419],[111.449496,35.623422],[111.449048,35.623588],[111.447395,35.624712],[111.44715,35.625005],[111.442812,35.631485],[111.440959,35.637077],[111.441075,35.637754],[111.441811,35.641047],[111.442195,35.641558],[111.44323,35.642086],[111.443725,35.642377],[111.44411,35.643053],[111.445221,35.645209],[111.445863,35.647716],[111.446167,35.64993],[111.446542,35.652877],[111.446756,35.654945],[111.446691,35.65533],[111.446222,35.655881],[111.445864,35.656047],[111.443916,35.65675],[111.44367,35.656751],[111.442255,35.656628],[111.441807,35.656703],[111.439906,35.657717],[111.439616,35.658029],[111.437586,35.662603],[111.436891,35.664429],[111.436983,35.664814],[111.441079,35.674932],[111.441512,35.675302],[111.442679,35.675732],[111.443339,35.676019],[111.443925,35.676554],[111.444157,35.677277],[111.444601,35.679673],[111.444893,35.686555],[111.444768,35.687011],[111.444164,35.687612],[111.443229,35.688029],[111.442925,35.688092],[111.442418,35.688053],[111.442113,35.687847],[111.44206,35.687496],[111.442184,35.687041],[111.441716,35.684851],[111.44151,35.68417],[111.441179,35.683903],[111.431244,35.679492],[111.42418,35.679335],[111.419379,35.679229],[111.412458,35.679948],[111.412023,35.680099],[111.411519,35.680659],[111.410955,35.68432],[111.411019,35.686882],[111.411699,35.690973],[111.408025,35.695245],[111.402857,35.701255],[111.402579,35.701463],[111.399849,35.702816],[111.399596,35.702878],[111.399115,35.702859],[111.39665,35.701607],[111.396371,35.701422],[111.396242,35.700967],[111.396339,35.700243],[111.395322,35.699565],[111.392761,35.699118],[111.391595,35.698998],[111.390758,35.699021],[111.388402,35.699929],[111.387263,35.700368],[111.379831,35.703232],[111.379554,35.70346],[111.378141,35.70487],[111.37604,35.707044],[111.378632,35.707589],[111.380043,35.70804],[111.381284,35.708531],[111.3853,35.710361],[111.38681,35.711188],[111.387614,35.711681],[111.388735,35.71241],[111.389345,35.712982],[111.389662,35.713377],[111.38986,35.713951],[111.38938,35.720133],[111.388797,35.725238],[111.392213,35.730858],[111.393568,35.732422],[111.404094,35.74424],[111.405296,35.745459],[111.414542,35.752476],[111.421153,35.757187],[111.425276,35.760184],[111.426032,35.760736],[111.434679,35.773204],[111.434973,35.773718],[111.437207,35.777731],[111.437428,35.778186],[111.438778,35.787187],[111.43878,35.787506],[111.438121,35.78869],[111.437381,35.78949],[111.436209,35.790261],[111.433668,35.791228],[111.432103,35.79168],[111.430932,35.792451],[111.430542,35.792867],[111.430664,35.793569],[111.433895,35.798899],[111.438271,35.800204],[111.442322,35.801274],[111.454262,35.802794],[111.454979,35.802812],[111.455696,35.802809],[111.456336,35.802786],[111.457051,35.802491],[111.457535,35.802114],[111.458375,35.801235],[111.459945,35.799],[111.460225,35.798504],[111.460392,35.79781],[111.461215,35.797956],[111.467791,35.799128],[111.46945,35.800112],[111.470576,35.801435],[111.471662,35.803553],[111.472982,35.806128],[111.473799,35.807721],[111.471984,35.809273],[111.471804,35.809421],[111.471799,35.809479],[111.471879,35.809592],[111.472458,35.810155],[111.473097,35.810703],[111.475492,35.8124],[111.477043,35.813453],[111.485534,35.819079],[111.485662,35.819068],[111.492645,35.818053],[111.494468,35.817788],[111.496083,35.817553],[111.502808,35.81648],[111.503952,35.816071],[111.505211,35.815817],[111.506165,35.815688],[111.506623,35.815686],[111.513764,35.81812],[111.513978,35.818266],[111.51412,35.81842],[111.515257,35.819631],[111.518892,35.823221],[111.519025,35.823334],[111.519206,35.823388],[111.521039,35.82373],[111.524775,35.823827],[111.524965,35.823826],[111.52517,35.823799],[111.52545,35.823736],[111.525783,35.823631],[111.526409,35.823376],[111.526676,35.823348],[111.526908,35.823345],[111.529516,35.823596],[111.531089,35.824153],[111.54169,35.827942],[111.542554,35.828251],[111.545504,35.829305],[111.545721,35.829429],[111.546257,35.829872],[111.548863,35.834785],[111.551252,35.839535],[111.551393,35.840149],[111.553421,35.843478],[111.554678,35.844727],[111.561578,35.849761],[111.562064,35.849998],[111.562261,35.850092],[111.562568,35.850196],[111.562942,35.850194],[111.563278,35.850058],[111.563492,35.850007],[111.563928,35.850015],[111.565586,35.850391],[111.566335,35.850572],[111.566969,35.850914],[111.568324,35.851766],[111.568712,35.852053],[111.569236,35.852475],[111.569614,35.852988],[111.569874,35.853396],[111.572164,35.858166],[111.572592,35.858827],[111.572997,35.859453],[111.573327,35.859962],[111.574889,35.862377],[111.578468,35.857772],[111.581819,35.855135],[111.583543,35.854113],[111.584482,35.853812],[111.585544,35.853708],[111.588217,35.853769],[111.588762,35.853643],[111.593581,35.852334],[111.593914,35.852233],[111.594093,35.851861],[111.59415,35.851367],[111.594027,35.848658],[111.59399,35.847851],[111.593932,35.846597],[111.594532,35.841477],[111.594618,35.840759],[111.595519,35.834882],[111.597095,35.830407],[111.595377,35.825279],[111.595063,35.824342],[111.592704,35.817316],[111.59156,35.8127],[111.590712,35.809279],[111.590244,35.807393],[111.589033,35.802505],[111.588923,35.801965],[111.589415,35.80023],[111.592151,35.796515],[111.592727,35.795749],[111.594177,35.793821],[111.594467,35.789988],[111.593722,35.786246],[111.593506,35.785836],[111.593292,35.785642],[111.590436,35.783816],[111.589984,35.783775],[111.589188,35.783952],[111.588445,35.783978],[111.588152,35.783958],[111.585329,35.783062],[111.584504,35.782741],[111.584287,35.78218],[111.584172,35.781033],[111.583441,35.768156],[111.583326,35.763329],[111.58347,35.761272],[111.583756,35.760404],[111.584072,35.760035],[111.584522,35.759795],[111.585026,35.759771],[111.586036,35.759852],[111.588162,35.760102],[111.588666,35.759969],[111.589594,35.759708],[111.589752,35.759545],[111.589828,35.759125],[111.589824,35.758609],[111.589653,35.75693],[111.589528,35.756059],[111.588174,35.751743],[111.587662,35.750111],[111.586222,35.748213],[111.583321,35.744517],[111.581378,35.74392],[111.580688,35.743967],[111.57612,35.743902],[111.575589,35.743883],[111.57535,35.743819],[111.572039,35.741281],[111.571771,35.741001],[111.569994,35.738039],[111.569623,35.737421],[111.568125,35.734926],[111.566317,35.731913],[111.562304,35.723813],[111.562299,35.723736],[111.562274,35.723381],[111.562432,35.723163],[111.566116,35.722323],[111.56678,35.72232],[111.567444,35.722425],[111.577549,35.72478],[111.578828,35.725424],[111.579096,35.725747],[111.5795,35.726524],[111.580278,35.727711],[111.580705,35.728012],[111.583608,35.729254],[111.584259,35.729472],[111.587041,35.730406],[111.588264,35.730638],[111.58946,35.730806],[111.591159,35.730797],[111.591769,35.730664],[111.592404,35.730401],[111.593117,35.729857],[111.593247,35.72951],[111.593272,35.729228],[111.593054,35.728558],[111.592944,35.727996],[111.592967,35.727563],[111.594406,35.724655],[111.59467,35.724415],[111.597479,35.723795],[111.599203,35.723635],[111.600159,35.723674],[111.60109,35.723842],[111.60197,35.724358],[111.602767,35.724397],[111.614102,35.72434],[111.614845,35.724292],[111.624835,35.721925],[111.625073,35.721815],[111.625204,35.721555],[111.625773,35.719733],[111.625929,35.719213],[111.626003,35.718585],[111.625947,35.71813],[111.625478,35.715903],[111.624446,35.712964],[111.620155,35.706421],[111.619961,35.706125],[111.619694,35.705975],[111.616237,35.70517],[111.615707,35.705173],[111.612789,35.705469],[111.610668,35.70574],[111.609739,35.705723],[111.608861,35.705381],[111.605174,35.702217],[111.605066,35.701958],[111.605091,35.701763],[111.606936,35.700152],[111.60836,35.698911],[111.608834,35.698367],[111.608832,35.698151],[111.60768,35.696684],[111.607174,35.69647],[111.606165,35.696367],[111.604069,35.696421],[111.603327,35.696555],[111.602613,35.696948],[111.601954,35.697601],[111.601561,35.698252],[111.600646,35.697777],[111.599536,35.697201],[111.598764,35.696721],[111.595324,35.694581],[111.594678,35.69335],[111.594075,35.690954],[111.593824,35.689955],[111.593288,35.687823],[111.592873,35.686172],[111.59281,35.68483],[111.592828,35.683705],[111.593064,35.683249],[111.595384,35.678886],[111.597172,35.675522],[111.600211,35.670354],[111.600449,35.670223],[111.600953,35.670221],[111.602501,35.671469],[111.60421,35.67291],[111.604664,35.67332],[111.605147,35.674075],[111.605552,35.674939],[111.606137,35.675195],[111.606775,35.675301],[111.607305,35.675233],[111.610782,35.673923],[111.612146,35.67341],[111.616511,35.671766],[111.617673,35.671024],[111.618068,35.670632],[111.61817,35.670112],[111.618111,35.669376],[111.617998,35.668533],[111.616305,35.666654],[111.615558,35.665825],[111.613988,35.664249],[111.612256,35.661548],[111.610804,35.658616],[111.609999,35.656828],[111.609892,35.656224],[111.610415,35.651178],[111.61264,35.64829],[111.615094,35.645656]]]]}},{"type":"Feature","properties":{"name":"浮山县","adcode":"141027","dataYear":"2023","sourceFile":"浮山县_141027.geojson","sourceSha256":"078ae93c16663d3d70970134bb0f592f96d30706b60b323056c3517fc8e4f812"},"geometry":{"type":"MultiPolygon","coordinates":[[[[112.052607,36.040666],[112.062404,36.041859],[112.062635,36.041885],[112.062925,36.041878],[112.063191,36.041863],[112.06339,36.041826],[112.063841,36.041742],[112.065018,36.041524],[112.065109,36.041495],[112.065694,36.041299],[112.066275,36.041104],[112.066343,36.041061],[112.067812,36.040119],[112.070273,36.037331],[112.073972,36.032777],[112.074026,36.03271],[112.075356,36.03086],[112.078833,36.01909],[112.074127,36.011805],[112.074054,36.011783],[112.072675,36.011249],[112.072011,36.01084],[112.069427,36.008622],[112.068513,36.007793],[112.068083,36.007199],[112.067724,36.00639],[112.067582,36.005851],[112.0673,36.004644],[112.067278,36.004444],[112.067283,36.0044],[112.067524,36.004029],[112.068451,36.002668],[112.069472,36.001245],[112.071339,36],[112.072337,35.998075],[112.072568,35.997798],[112.079017,35.993222],[112.082061,35.991475],[112.085646,35.989417],[112.088313,35.988058],[112.088907,35.98765],[112.089162,35.987203],[112.089538,35.986161],[112.089812,35.985206],[112.089821,35.983928],[112.093354,35.977068],[112.096878,35.970225],[112.097234,35.969629],[112.097697,35.969159],[112.099961,35.967594],[112.100319,35.967454],[112.101292,35.967176],[112.102883,35.967268],[112.10343,35.967242],[112.104105,35.967002],[112.104543,35.96668],[112.107168,35.964304],[112.113324,35.95537],[112.116401,35.949981],[112.11691,35.949129],[112.117878,35.94751],[112.118468,35.946847],[112.119546,35.945736],[112.123898,35.942093],[112.124748,35.941407],[112.125395,35.941083],[112.125941,35.940993],[112.12714,35.941067],[112.127998,35.940932],[112.129162,35.940349],[112.130325,35.939354],[112.135433,35.934984],[112.13607,35.93436],[112.139683,35.926194],[112.142182,35.919907],[112.142403,35.918973],[112.142544,35.917891],[112.142504,35.916938],[112.142107,35.915694],[112.140825,35.912413],[112.140349,35.912],[112.13985,35.911666],[112.136791,35.910183],[112.136734,35.910186],[112.136638,35.91017],[112.136561,35.910135],[112.136504,35.910084],[112.136462,35.910019],[112.135911,35.908794],[112.13581,35.908565],[112.135747,35.908411],[112.135689,35.908256],[112.135636,35.9081],[112.135565,35.907863],[112.135522,35.907705],[112.135466,35.907466],[112.135434,35.907306],[112.135406,35.907146],[112.135371,35.906904],[112.135346,35.906661],[112.135333,35.9065],[112.135325,35.906337],[112.135321,35.906175],[112.135322,35.906013],[112.135596,35.897671],[112.135601,35.897591],[112.135613,35.897512],[112.135634,35.897433],[112.135663,35.897356],[112.135698,35.89728],[112.135739,35.897207],[112.135785,35.897136],[112.135836,35.897067],[112.135892,35.897],[112.135952,35.896935],[112.136016,35.896872],[112.136083,35.896812],[112.136153,35.896754],[112.136303,35.896646],[112.136381,35.896595],[112.136461,35.896549],[112.136544,35.896508],[112.13663,35.896474],[112.136718,35.896444],[112.136808,35.896419],[112.1369,35.896398],[112.13709,35.896367],[112.137187,35.896356],[112.137384,35.896341],[112.139682,35.896186],[112.140179,35.89616],[112.140577,35.896146],[112.140976,35.896138],[112.141275,35.896136],[112.141573,35.896138],[112.141872,35.896144],[112.141972,35.896149],[112.141983,35.89615],[112.142818,35.896077],[112.143834,35.895891],[112.145171,35.895503],[112.145547,35.895312],[112.145623,35.895232],[112.145681,35.895167],[112.145791,35.895031],[112.145891,35.89489],[112.145982,35.894746],[112.146064,35.894598],[112.146102,35.894523],[112.146166,35.89437],[112.146219,35.894214],[112.146263,35.894056],[112.1463,35.893896],[112.14635,35.893656],[112.147915,35.885356],[112.147958,35.885115],[112.147994,35.884873],[112.148024,35.884632],[112.14827,35.882433],[112.148175,35.88122],[112.14816,35.881158],[112.148367,35.87987],[112.148454,35.879389],[112.148503,35.879149],[112.14856,35.87891],[112.148724,35.878274],[112.148812,35.877956],[112.148854,35.877817],[112.149446,35.876425],[112.151995,35.871156],[112.153805,35.870357],[112.158757,35.873741],[112.165121,35.877871],[112.165201,35.877918],[112.165283,35.877962],[112.16537,35.878002],[112.165459,35.878037],[112.165551,35.878068],[112.165644,35.878094],[112.165834,35.878138],[112.166029,35.87817],[112.166327,35.878203],[112.166626,35.878227],[112.166725,35.878233],[112.166923,35.878235],[112.16712,35.878228],[112.167416,35.878203],[112.169994,35.877946],[112.170191,35.877926],[112.170482,35.877885],[112.170672,35.877848],[112.17086,35.877802],[112.171044,35.877745],[112.171223,35.877676],[112.171311,35.877637],[112.171482,35.877555],[112.171647,35.877466],[112.171887,35.877321],[112.172041,35.877218],[112.172192,35.877112],[112.177496,35.873336],[112.177569,35.873283],[112.177706,35.87317],[112.17777,35.87311],[112.17783,35.873048],[112.177887,35.872982],[112.17794,35.872914],[112.177988,35.872843],[112.178072,35.872698],[112.178109,35.872623],[112.178175,35.87247],[112.178258,35.872236],[112.178385,35.871843],[112.178407,35.871764],[112.178458,35.871525],[112.178544,35.871044],[112.178582,35.870885],[112.17863,35.870728],[112.17866,35.870651],[112.178759,35.870422],[112.178833,35.870271],[112.178953,35.870048],[112.179083,35.869829],[112.179176,35.869686],[112.179275,35.869546],[112.17938,35.869408],[112.179489,35.869273],[112.179659,35.869073],[112.179897,35.868812],[112.180685,35.867974],[112.180812,35.867849],[112.180944,35.867728],[112.181083,35.867613],[112.181156,35.867558],[112.181231,35.867505],[112.181388,35.867405],[112.184007,35.865935],[112.184173,35.865846],[112.18452,35.865684],[112.184695,35.865605],[112.184874,35.865531],[112.185055,35.865465],[112.185241,35.865411],[112.185335,35.865388],[112.185431,35.86537],[112.185528,35.865356],[112.185627,35.865346],[112.185726,35.865343],[112.185824,35.865344],[112.185923,35.865351],[112.186119,35.865373],[112.188541,35.865572],[112.19038,35.865723],[112.190776,35.865754],[112.191074,35.86577],[112.191273,35.865777],[112.191771,35.865784],[112.19217,35.865785],[112.192568,35.865775],[112.192766,35.865764],[112.192964,35.865748],[112.193161,35.865727],[112.193657,35.865664],[112.193856,35.865636],[112.194053,35.865605],[112.194248,35.865569],[112.194343,35.865548],[112.194531,35.865499],[112.194623,35.865471],[112.194802,35.865406],[112.194888,35.865369],[112.194972,35.865328],[112.195055,35.865283],[112.195134,35.865235],[112.19521,35.865183],[112.195284,35.865129],[112.195424,35.865013],[112.195557,35.864892],[112.195749,35.864706],[112.19581,35.864642],[112.195925,35.86451],[112.200616,35.858682],[112.202089,35.853592],[112.206594,35.849178],[112.211187,35.844678],[112.211895,35.844022],[112.212112,35.843821],[112.217688,35.838658],[112.217816,35.838534],[112.217936,35.838406],[112.218049,35.838273],[112.218152,35.838135],[112.218201,35.838065],[112.218292,35.837921],[112.218376,35.837774],[112.218452,35.837624],[112.21852,35.837472],[112.218582,35.837317],[112.218636,35.837161],[112.218683,35.837003],[112.218724,35.836845],[112.218774,35.836605],[112.218799,35.836443],[112.218817,35.836282],[112.218826,35.83612],[112.218826,35.835958],[112.218814,35.835797],[112.218804,35.835716],[112.218776,35.835555],[112.218739,35.835396],[112.217072,35.829012],[112.217027,35.828844],[112.216963,35.828679],[112.216911,35.828572],[112.216881,35.82852],[112.216814,35.828419],[112.216738,35.828323],[112.21665,35.828234],[112.216552,35.828155],[112.2165,35.828119],[112.216389,35.828051],[112.216271,35.82799],[112.216086,35.827907],[112.215444,35.827656],[112.215315,35.82761],[112.201437,35.823012],[112.199273,35.822294],[112.195233,35.820955],[112.190513,35.819895],[112.185648,35.816684],[112.184663,35.815706],[112.184434,35.815487],[112.184199,35.815273],[112.184053,35.815148],[112.183253,35.814488],[112.183154,35.814407],[112.183103,35.814369],[112.182995,35.814302],[112.182939,35.814274],[112.182879,35.814249],[112.182817,35.81423],[112.182752,35.814215],[112.182684,35.814206],[112.182614,35.814202],[112.182545,35.814204],[112.182476,35.81421],[112.182408,35.81422],[112.182273,35.81425],[112.18214,35.81429],[112.181879,35.814384],[112.181754,35.814436],[112.181638,35.814496],[112.181528,35.814564],[112.181375,35.814677],[112.181232,35.814801],[112.180449,35.815548],[112.179853,35.81612],[112.179711,35.816246],[112.179611,35.816325],[112.179508,35.816401],[112.179399,35.816472],[112.179285,35.816537],[112.179225,35.816568],[112.179102,35.816623],[112.178976,35.816673],[112.178847,35.816717],[112.178715,35.816756],[112.178514,35.816808],[112.159479,35.820913],[112.159273,35.820953],[112.159066,35.820989],[112.157828,35.821185],[112.146217,35.822545],[112.145943,35.82256],[112.145411,35.822526],[112.14454,35.822469],[112.143168,35.822205],[112.13692,35.823165],[112.131009,35.825307],[112.126221,35.829587],[112.125788,35.830113],[112.124913,35.830396],[112.11306,35.834226],[112.112891,35.834276],[112.112719,35.834318],[112.112544,35.834352],[112.112368,35.834379],[112.11219,35.834396],[112.112101,35.8344],[112.111922,35.834402],[112.111743,35.834395],[112.111475,35.834373],[112.111028,35.834322],[112.110851,35.834298],[112.108718,35.833936],[112.108192,35.833847],[112.106502,35.833561],[112.105261,35.833308],[112.104442,35.833117],[112.104315,35.833105],[112.104103,35.833095],[112.103892,35.833096],[112.103681,35.83311],[112.103542,35.833128],[112.103501,35.833136],[112.103226,35.833199],[112.101873,35.833578],[112.097044,35.836469],[112.094676,35.837886],[112.082304,35.835586],[112.082141,35.835531],[112.082059,35.835507],[112.08189,35.835466],[112.081804,35.83545],[112.081717,35.835437],[112.081539,35.83542],[112.08127,35.835408],[112.08109,35.835409],[112.080911,35.835416],[112.080732,35.835431],[112.080466,35.835464],[112.080291,35.835496],[112.080205,35.835515],[112.080036,35.835562],[112.073232,35.837579],[112.070102,35.839307],[112.061964,35.8438],[112.061792,35.843761],[112.061705,35.843744],[112.06153,35.843718],[112.061441,35.843707],[112.061352,35.8437],[112.061173,35.843691],[112.061084,35.84369],[112.060904,35.843693],[112.060725,35.843704],[112.060547,35.843723],[112.060459,35.843735],[112.060283,35.843764],[112.060023,35.843822],[112.059768,35.843894],[112.059602,35.843951],[112.05944,35.844013],[112.059281,35.844082],[112.059126,35.844157],[112.059051,35.844197],[112.058905,35.844281],[112.058764,35.844372],[112.058628,35.844467],[112.049203,35.85131],[112.049176,35.851339],[112.049093,35.851529],[112.048574,35.852734],[112.04848,35.853128],[112.048439,35.853345],[112.048412,35.853563],[112.048405,35.853707],[112.048409,35.853851],[112.048424,35.853995],[112.048438,35.854066],[112.048475,35.854209],[112.048501,35.854279],[112.048627,35.854552],[112.048653,35.854622],[112.048674,35.854693],[112.048711,35.854837],[112.048726,35.854909],[112.048749,35.855054],[112.048757,35.855127],[112.048766,35.855273],[112.048766,35.855346],[112.048759,35.855492],[112.048751,35.855565],[112.048727,35.855709],[112.04871,35.855781],[112.048671,35.855924],[112.048624,35.856065],[112.048545,35.856275],[112.048486,35.856414],[112.04842,35.85655],[112.04831,35.85675],[112.048229,35.856881],[112.048142,35.857009],[112.04805,35.857134],[112.047951,35.857256],[112.047846,35.857375],[112.047736,35.85749],[112.04756,35.857657],[112.047436,35.857763],[112.047308,35.857865],[112.047107,35.858011],[112.046967,35.858104],[112.046824,35.858192],[112.040201,35.862178],[112.040127,35.86222],[112.038548,35.863058],[112.038474,35.863094],[112.038397,35.863125],[112.038316,35.863149],[112.038232,35.863166],[112.038144,35.863175],[112.038055,35.863174],[112.037967,35.863168],[112.03425,35.862786],[112.032292,35.861728],[112.032326,35.861584],[112.032377,35.861295],[112.032657,35.859628],[112.032705,35.859338],[112.032734,35.85912],[112.032748,35.858975],[112.032756,35.858829],[112.03276,35.858683],[112.032755,35.858463],[112.032741,35.858244],[112.032416,35.854352],[112.031893,35.853971],[112.030852,35.853559],[112.030238,35.853411],[112.029108,35.853363],[112.026754,35.853288],[112.025082,35.853187],[112.024853,35.853142],[112.024661,35.853136],[112.024202,35.853029],[112.023649,35.852744],[112.02268,35.85211],[112.021735,35.851615],[112.020663,35.851042],[112.02011,35.850711],[112.019004,35.850185],[112.01843,35.850003],[112.01781,35.849892],[112.01664,35.84966],[112.01554,35.849557],[112.014133,35.849574],[112.012657,35.849595],[112.011306,35.849569],[112.00845,35.849822],[112.007769,35.849962],[112.007346,35.849965],[112.006592,35.849876],[112.00572,35.849768],[112.005062,35.84985],[112.003139,35.850403],[112.001849,35.850682],[112.001278,35.850707],[112.00075,35.850743],[111.999811,35.850695],[111.999475,35.850633],[111.999315,35.850635],[111.999182,35.85065],[111.998908,35.850834],[111.997949,35.851104],[111.997591,35.851136],[111.996772,35.851111],[111.996453,35.851096],[111.996122,35.851169],[111.99506,35.851308],[111.994576,35.851328],[111.992951,35.851364],[111.992349,35.851339],[111.992192,35.851319],[111.991699,35.851287],[111.991333,35.851219],[111.990923,35.851039],[111.990362,35.850614],[111.989868,35.85014],[111.989723,35.850067],[111.98948,35.850084],[111.98937,35.850103],[111.98899,35.850208],[111.987905,35.850183],[111.986714,35.850073],[111.986296,35.849952],[111.985914,35.849892],[111.985328,35.849868],[111.984725,35.849662],[111.98379,35.849158],[111.982908,35.84841],[111.981758,35.847563],[111.980267,35.846809],[111.979472,35.846504],[111.979034,35.846441],[111.978434,35.846446],[111.977861,35.846473],[111.97718,35.846567],[111.976067,35.847088],[111.972898,35.849158],[111.971302,35.850327],[111.970857,35.850836],[111.970266,35.85141],[111.970041,35.851906],[111.970002,35.852446],[111.97005,35.852626],[111.970207,35.852752],[111.970506,35.852927],[111.970629,35.853006],[111.970653,35.85311],[111.970828,35.854042],[111.970917,35.854575],[111.970729,35.857043],[111.970578,35.858156],[111.970391,35.858469],[111.970174,35.858559],[111.969628,35.858586],[111.968972,35.858502],[111.967492,35.85807],[111.964036,35.856719],[111.96313,35.856349],[111.960658,35.85508],[111.959122,35.85447],[111.957644,35.854215],[111.956635,35.854245],[111.955572,35.854409],[111.95369,35.854557],[111.952898,35.854564],[111.952188,35.854569],[111.951805,35.854439],[111.951364,35.854131],[111.949519,35.85279],[111.947785,35.851604],[111.946549,35.850991],[111.945151,35.850513],[111.943648,35.850325],[111.942501,35.850289],[111.940317,35.850306],[111.939306,35.850203],[111.938594,35.850053],[111.937223,35.849553],[111.93319,35.847806],[111.932148,35.847392],[111.930696,35.847003],[111.929219,35.846726],[111.925635,35.846086],[111.922712,35.845842],[111.921563,35.845673],[111.919868,35.845442],[111.919269,35.845558],[111.918753,35.845806],[111.918294,35.84621],[111.917489,35.847416],[111.917112,35.847885],[111.916896,35.848065],[111.916623,35.848111],[111.913921,35.848132],[111.913157,35.848182],[111.912424,35.848566],[111.911858,35.849192],[111.910972,35.850488],[111.909702,35.851587],[111.907345,35.85316],[111.906722,35.853632],[111.905696,35.854595],[111.905099,35.854911],[111.904309,35.855117],[111.903777,35.855064],[111.903652,35.855024],[111.903558,35.854992],[111.903349,35.854911],[111.903134,35.854837],[111.902844,35.85468],[111.902776,35.85461],[111.902668,35.854551],[111.902493,35.854514],[111.902278,35.854483],[111.902063,35.854457],[111.901886,35.854212],[111.901736,35.854011],[111.901486,35.853899],[111.900847,35.853685],[111.900564,35.853572],[111.900475,35.853469],[111.90017,35.853182],[111.899845,35.852928],[111.899563,35.852886],[111.899026,35.852863],[111.898831,35.852804],[111.898473,35.852605],[111.897866,35.852336],[111.897779,35.852337],[111.897511,35.85235],[111.89725,35.852439],[111.897218,35.85244],[111.896932,35.852127],[111.89679,35.851662],[111.896783,35.851017],[111.897072,35.850081],[111.897962,35.849075],[111.899716,35.847328],[111.901365,35.845871],[111.903343,35.844545],[111.90421,35.843983],[111.905099,35.842954],[111.905908,35.842036],[111.906988,35.841006],[111.908286,35.839951],[111.908989,35.83939],[111.909393,35.838854],[111.909633,35.838363],[111.909624,35.83763],[111.909345,35.837076],[111.908904,35.836724],[111.908165,35.836552],[111.907729,35.836622],[111.905854,35.837325],[111.90417,35.838049],[111.903791,35.838341],[111.902802,35.840193],[111.901458,35.841981],[111.900971,35.842429],[111.900565,35.842654],[111.90021,35.842701],[111.899119,35.842732],[111.89696,35.842526],[111.894555,35.842277],[111.893488,35.84204],[111.892639,35.841802],[111.890492,35.840218],[111.889638,35.839535],[111.888736,35.839364],[111.885877,35.840052],[111.88283,35.840986],[111.882067,35.84108],[111.878357,35.841285],[111.877702,35.841312],[111.877664,35.841321],[111.877558,35.841321],[111.877443,35.841309],[111.877329,35.841283],[111.877166,35.841278],[111.876987,35.841299],[111.876882,35.841359],[111.876753,35.84148],[111.876644,35.841548],[111.87586,35.841724],[111.875773,35.841724],[111.875604,35.841735],[111.875519,35.841746],[111.875429,35.841796],[111.875346,35.841838],[111.873999,35.842139],[111.87122,35.842582],[111.870325,35.842636],[111.86979,35.842632],[111.869227,35.842552],[111.868077,35.842227],[111.867034,35.841745],[111.866511,35.841371],[111.865931,35.840686],[111.865157,35.839597],[111.865139,35.839527],[111.865137,35.839427],[111.865121,35.83934],[111.865105,35.839278],[111.865013,35.839222],[111.864921,35.839185],[111.864898,35.839178],[111.864808,35.839104],[111.864157,35.838188],[111.863463,35.837126],[111.862335,35.836311],[111.86143,35.835962],[111.861154,35.835675],[111.861014,35.835343],[111.861082,35.833564],[111.861093,35.833451],[111.861123,35.83313],[111.860903,35.832849],[111.86046,35.831359],[111.860432,35.831342],[111.860213,35.831128],[111.859816,35.830979],[111.859154,35.83084],[111.858883,35.830822],[111.858863,35.830818],[111.858357,35.830616],[111.858198,35.830254],[111.857918,35.82945],[111.857534,35.828102],[111.857393,35.827534],[111.857352,35.827456],[111.857288,35.827123],[111.857021,35.826829],[111.856682,35.826581],[111.856292,35.826231],[111.855676,35.825897],[111.855426,35.825703],[111.85473,35.825208],[111.85424,35.824816],[111.853632,35.824141],[111.85359,35.823873],[111.853626,35.82362],[111.853636,35.823402],[111.853703,35.823223],[111.853701,35.823064],[111.853607,35.822897],[111.85339,35.822676],[111.853324,35.822579],[111.85272,35.822299],[111.852114,35.821924],[111.851956,35.821594],[111.851957,35.821585],[111.852197,35.821334],[111.853232,35.820761],[111.854241,35.819966],[111.854681,35.819397],[111.854897,35.818769],[111.854892,35.818224],[111.85456,35.817398],[111.853729,35.816233],[111.853004,35.815632],[111.852008,35.815255],[111.851014,35.81506],[111.849402,35.815132],[111.848935,35.815201],[111.848086,35.815231],[111.846789,35.815429],[111.845589,35.815706],[111.844778,35.816075],[111.843462,35.816092],[111.843386,35.816033],[111.843225,35.815935],[111.842821,35.815904],[111.842457,35.815914],[111.842203,35.815861],[111.84184,35.815742],[111.841564,35.815634],[111.841393,35.815429],[111.841306,35.815284],[111.840632,35.815745],[111.839849,35.816466],[111.839692,35.816998],[111.839595,35.817326],[111.839013,35.818294],[111.838818,35.818619],[111.838323,35.819351],[111.838039,35.819769],[111.836035,35.821285],[111.834293,35.821917],[111.833745,35.821958],[111.83293,35.821869],[111.832502,35.821761],[111.832286,35.821494],[111.831973,35.821228],[111.831545,35.821136],[111.830342,35.821081],[111.82941,35.820993],[111.828919,35.821002],[111.827561,35.820678],[111.826316,35.820593],[111.825894,35.820535],[111.824731,35.82063],[111.822915,35.821275],[111.821736,35.821693],[111.820404,35.822366],[111.819577,35.823019],[111.818775,35.823649],[111.818368,35.823892],[111.81563,35.825405],[111.814981,35.825626],[111.814871,35.825713],[111.813712,35.826195],[111.812901,35.826224],[111.812638,35.826294],[111.809543,35.82682],[111.808355,35.827111],[111.808084,35.827209],[111.80802,35.827245],[111.807076,35.827867],[111.80615,35.828442],[111.805455,35.828747],[111.804952,35.828908],[111.803842,35.829181],[111.803812,35.829182],[111.802767,35.828865],[111.801644,35.828146],[111.801073,35.828129],[111.798871,35.828689],[111.79852,35.828847],[111.798301,35.829166],[111.797859,35.829643],[111.79732,35.829978],[111.796875,35.83017],[111.796159,35.830365],[111.795625,35.830388],[111.794302,35.830679],[111.790462,35.831169],[111.786053,35.831763],[111.783351,35.831963],[111.781812,35.831811],[111.780966,35.831615],[111.780619,35.831637],[111.780422,35.8318],[111.7804,35.832063],[111.780453,35.832386],[111.78083,35.832908],[111.781235,35.833416],[111.781354,35.833565],[111.781407,35.833634],[111.781789,35.834316],[111.782094,35.83497],[111.782793,35.83579],[111.783883,35.836664],[111.785249,35.837405],[111.787468,35.838346],[111.788509,35.838864],[111.78955,35.839438],[111.790248,35.840183],[111.790785,35.840911],[111.791304,35.842276],[111.791449,35.842968],[111.791479,35.843661],[111.791261,35.844806],[111.790943,35.845258],[111.790349,35.845693],[111.789638,35.846035],[111.78911,35.846188],[111.788374,35.846231],[111.787591,35.846161],[111.786114,35.845758],[111.785376,35.845688],[111.784756,35.845767],[111.784091,35.846034],[111.78297,35.846809],[111.782261,35.847208],[111.781207,35.847721],[111.780702,35.847893],[111.779276,35.847977],[111.777088,35.847878],[111.775843,35.84768],[111.774294,35.847072],[111.771472,35.845647],[111.769116,35.844762],[111.765956,35.844108],[111.762617,35.843998],[111.760084,35.843883],[111.759092,35.843683],[111.758745,35.843516],[111.758442,35.843125],[111.758023,35.842267],[111.758012,35.842204],[111.757981,35.84215],[111.757945,35.8421],[111.757926,35.842069],[111.757574,35.84135],[111.756701,35.839144],[111.756469,35.838995],[111.756147,35.839016],[111.756002,35.839096],[111.755812,35.839299],[111.755545,35.839752],[111.755322,35.840029],[111.755094,35.840205],[111.754737,35.840786],[111.754167,35.841315],[111.753663,35.841655],[111.752655,35.84213],[111.751277,35.84321],[111.750531,35.843795],[111.749831,35.845079],[111.748322,35.847941],[111.747664,35.848897],[111.746604,35.849773],[111.745608,35.850323],[111.743877,35.850931],[111.742677,35.851074],[111.740643,35.851277],[111.739908,35.851255],[111.739439,35.85104],[111.739201,35.850607],[111.739063,35.850091],[111.739054,35.849167],[111.739271,35.847291],[111.73923,35.846503],[111.738957,35.845907],[111.738487,35.845611],[111.737718,35.84548],[111.736817,35.845485],[111.736083,35.845517],[111.735451,35.845738],[111.733359,35.846865],[111.732296,35.847497],[111.731598,35.847745],[111.730331,35.847916],[111.728601,35.848552],[111.727411,35.849809],[111.726092,35.851583],[111.724376,35.853768],[111.723154,35.855243],[111.721928,35.856201],[111.721496,35.856448],[111.720462,35.856563],[111.718461,35.856711],[111.717325,35.856691],[111.717058,35.856611],[111.717023,35.856502],[111.717022,35.856339],[111.71712,35.856148],[111.71752,35.856065],[111.717821,35.85609],[111.718157,35.856333],[111.718458,35.856385],[111.718825,35.856356],[111.719124,35.856218],[111.719355,35.855999],[111.719185,35.855647],[111.718816,35.855459],[111.71771,35.854976],[111.716504,35.854494],[111.716001,35.854199],[111.715663,35.853684],[111.715354,35.852816],[111.715171,35.850942],[111.714626,35.849723],[111.713576,35.848044],[111.712626,35.846392],[111.712222,35.845932],[111.711888,35.845907],[111.711522,35.846045],[111.710961,35.846755],[111.71043,35.847139],[111.709732,35.847442],[111.708732,35.847638],[111.707865,35.847697],[111.706728,35.847432],[111.706194,35.847463],[111.705629,35.847738],[111.705298,35.848093],[111.704974,35.849155],[111.70445,35.850299],[111.703129,35.851937],[111.702402,35.852811],[111.700255,35.855378],[111.69863,35.856584],[111.69614,35.858093],[111.695309,35.858505],[111.694809,35.858644],[111.694242,35.858702],[111.692905,35.858519],[111.691469,35.858391],[111.687396,35.858415],[111.684457,35.858296],[111.683855,35.858136],[111.6838,35.858102],[111.683714,35.858076],[111.683498,35.857962],[111.683163,35.857772],[111.682996,35.857625],[111.682868,35.857479],[111.682512,35.857193],[111.682005,35.856543],[111.681221,35.854645],[111.680685,35.853839],[111.680775,35.855436],[111.680605,35.856152],[111.676371,35.859936],[111.674753,35.86138],[111.666654,35.868616],[111.665774,35.869341],[111.66408,35.870572],[111.659709,35.87347],[111.658812,35.873973],[111.657302,35.874304],[111.654565,35.874466],[111.653306,35.874766],[111.647716,35.878491],[111.64718,35.878992],[111.646896,35.87958],[111.6469,35.880049],[111.64716,35.880957],[111.647354,35.88424],[111.647305,35.885297],[111.646936,35.893303],[111.646666,35.895533],[111.646273,35.896034],[111.645954,35.896622],[111.646213,35.897442],[111.64691,35.898992],[111.648002,35.900335],[111.650034,35.901996],[111.651914,35.902953],[111.654107,35.903996],[111.658129,35.905768],[111.65908,35.906052],[111.660411,35.906315],[111.661502,35.906405],[111.663708,35.906413],[111.665345,35.9065],[111.666083,35.906747],[111.66656,35.907111],[111.666849,35.907649],[111.671612,35.918331],[111.671583,35.919585],[111.671565,35.920391],[111.67156,35.920629],[111.671538,35.921604],[111.671474,35.924449],[111.672943,35.932737],[111.674774,35.935988],[111.675039,35.936411],[111.675325,35.936621],[111.677371,35.937208],[111.679297,35.937699],[111.680412,35.937692],[111.681075,35.937611],[111.681833,35.937376],[111.682447,35.937063],[111.684993,35.935255],[111.688161,35.933866],[111.69145,35.932921],[111.700686,35.930977],[111.701776,35.930913],[111.703415,35.931058],[111.704034,35.931363],[111.704655,35.931803],[111.704921,35.932361],[111.705288,35.933671],[111.705608,35.934923],[111.705713,35.936138],[111.705671,35.936678],[111.705208,35.937974],[111.704343,35.939407],[111.703332,35.940493],[111.702296,35.941425],[111.699184,35.943643],[111.697082,35.944794],[111.696375,35.94528],[111.695763,35.945843],[111.695177,35.946754],[111.694689,35.947856],[111.694222,35.951428],[111.6942,35.951718],[111.694274,35.951988],[111.694561,35.952198],[111.697071,35.954134],[111.697929,35.954795],[111.699554,35.956047],[111.699759,35.957863],[111.699949,35.959543],[111.700114,35.961006],[111.700558,35.964936],[111.702247,35.968052],[111.703589,35.969511],[111.703948,35.969817],[111.706677,35.972368],[111.711666,35.979943],[111.71198,35.980421],[111.712765,35.981612],[111.710523,35.986145],[111.710409,35.986665],[111.710835,35.991425],[111.711198,35.992214],[111.712629,35.99402],[111.713327,35.995216],[111.714143,35.996615],[111.714593,35.997442],[111.714769,35.998464],[111.714833,35.999564],[111.714777,35.999733],[111.714637,36],[111.714156,36.002123],[111.715073,36.007698],[111.715527,36.00886],[111.715843,36.009306],[111.716376,36.01004],[111.71652,36.010184],[111.718882,36.011857],[111.721819,36.012886],[111.742424,36.019657],[111.760828,36.023729],[111.772161,36.026],[111.773822,36.029147],[111.782844,36.041169],[111.783122,36.04133],[111.786348,36.042878],[111.800341,36.047389],[111.812725,36.051421],[111.815408,36.052485],[111.819858,36.061925],[111.819936,36.06219],[111.819993,36.062732],[111.819624,36.065981],[111.818951,36.068838],[111.81847,36.070817],[111.81824,36.07123],[111.81514,36.07401],[111.815308,36.074436],[111.815626,36.07498],[111.816007,36.075369],[111.816454,36.075781],[111.823661,36.082308],[111.824418,36.082755],[111.845639,36.09393],[111.857029,36.099195],[111.865578,36.101124],[111.880951,36.097597],[111.885536,36.091502],[111.885392,36.091096],[111.884824,36.080176],[111.884876,36.079836],[111.885177,36.079291],[111.885561,36.078813],[111.88592,36.078517],[111.912083,36.071714],[111.917893,36.073542],[111.918057,36.073544],[111.921187,36.073548],[111.921899,36.073522],[111.924218,36.073394],[111.924417,36.073348],[111.936383,36.069826],[111.939356,36.066575],[111.939908,36.066209],[111.945979,36.063696],[111.95894,36.059027],[111.959332,36.058955],[111.964506,36.058112],[111.964881,36.058101],[111.965028,36.0581],[111.967527,36.058898],[111.967688,36.058974],[111.967881,36.059136],[111.968064,36.059333],[111.968141,36.059574],[111.96821,36.060052],[111.968281,36.060611],[111.968274,36.060879],[111.969877,36.063334],[111.971755,36.066005],[111.973695,36.067447],[111.977402,36.069457],[111.977517,36.069507],[111.977941,36.069653],[111.978627,36.06986],[111.979258,36.06997],[111.979337,36.06997],[111.979627,36.06996],[111.98427,36.069128],[112.016062,36.055209],[112.038934,36.043949],[112.052607,36.040666]]]]}},{"type":"Feature","properties":{"name":"翼城县","adcode":"141022","dataYear":"2023","sourceFile":"翼城县_141022.geojson","sourceSha256":"5fab36fdf9b749a345deecb60b80ff324f87ffa4103035fca00672b3f0ef385e"},"geometry":{"type":"MultiPolygon","coordinates":[[[[111.680685,35.853839],[111.681221,35.854645],[111.682005,35.856543],[111.682512,35.857193],[111.682868,35.857479],[111.682996,35.857625],[111.683163,35.857772],[111.683498,35.857962],[111.683714,35.858076],[111.6838,35.858102],[111.683855,35.858136],[111.684457,35.858296],[111.687396,35.858415],[111.691469,35.858391],[111.692905,35.858519],[111.694242,35.858702],[111.694809,35.858644],[111.695309,35.858505],[111.69614,35.858093],[111.69863,35.856584],[111.700255,35.855378],[111.702402,35.852811],[111.703129,35.851937],[111.70445,35.850299],[111.704974,35.849155],[111.705298,35.848093],[111.705629,35.847738],[111.706194,35.847463],[111.706728,35.847432],[111.707865,35.847697],[111.708732,35.847638],[111.709732,35.847442],[111.71043,35.847139],[111.710961,35.846755],[111.711522,35.846045],[111.711888,35.845907],[111.712222,35.845932],[111.712626,35.846392],[111.713576,35.848044],[111.714626,35.849723],[111.715171,35.850942],[111.715354,35.852816],[111.715663,35.853684],[111.716001,35.854199],[111.716504,35.854494],[111.71771,35.854976],[111.718816,35.855459],[111.719185,35.855647],[111.719355,35.855999],[111.719124,35.856218],[111.718825,35.856356],[111.718458,35.856385],[111.718157,35.856333],[111.717821,35.85609],[111.71752,35.856065],[111.71712,35.856148],[111.717022,35.856339],[111.717023,35.856502],[111.717058,35.856611],[111.717325,35.856691],[111.718461,35.856711],[111.720462,35.856563],[111.721496,35.856448],[111.721928,35.856201],[111.723154,35.855243],[111.724376,35.853768],[111.726092,35.851583],[111.727411,35.849809],[111.728601,35.848552],[111.730331,35.847916],[111.731598,35.847745],[111.732296,35.847497],[111.733359,35.846865],[111.735451,35.845738],[111.736083,35.845517],[111.736817,35.845485],[111.737718,35.84548],[111.738487,35.845611],[111.738957,35.845907],[111.73923,35.846503],[111.739271,35.847291],[111.739054,35.849167],[111.739063,35.850091],[111.739201,35.850607],[111.739439,35.85104],[111.739908,35.851255],[111.740643,35.851277],[111.742677,35.851074],[111.743877,35.850931],[111.745608,35.850323],[111.746604,35.849773],[111.747664,35.848897],[111.748322,35.847941],[111.749831,35.845079],[111.750531,35.843795],[111.751277,35.84321],[111.752655,35.84213],[111.753663,35.841655],[111.754167,35.841315],[111.754737,35.840786],[111.755094,35.840205],[111.755322,35.840029],[111.755545,35.839752],[111.755812,35.839299],[111.756002,35.839096],[111.756147,35.839016],[111.756469,35.838995],[111.756701,35.839144],[111.757574,35.84135],[111.757926,35.842069],[111.757945,35.8421],[111.757981,35.84215],[111.758012,35.842204],[111.758023,35.842267],[111.758442,35.843125],[111.758745,35.843516],[111.759092,35.843683],[111.760084,35.843883],[111.762617,35.843998],[111.765956,35.844108],[111.769116,35.844762],[111.771472,35.845647],[111.774294,35.847072],[111.775843,35.84768],[111.777088,35.847878],[111.779276,35.847977],[111.780702,35.847893],[111.781207,35.847721],[111.782261,35.847208],[111.78297,35.846809],[111.784091,35.846034],[111.784756,35.845767],[111.785376,35.845688],[111.786114,35.845758],[111.787591,35.846161],[111.788374,35.846231],[111.78911,35.846188],[111.789638,35.846035],[111.790349,35.845693],[111.790943,35.845258],[111.791261,35.844806],[111.791479,35.843661],[111.791449,35.842968],[111.791304,35.842276],[111.790785,35.840911],[111.790248,35.840183],[111.78955,35.839438],[111.788509,35.838864],[111.787468,35.838346],[111.785249,35.837405],[111.783883,35.836664],[111.782793,35.83579],[111.782094,35.83497],[111.781789,35.834316],[111.781407,35.833634],[111.781354,35.833565],[111.781235,35.833416],[111.78083,35.832908],[111.780453,35.832386],[111.7804,35.832063],[111.780422,35.8318],[111.780619,35.831637],[111.780966,35.831615],[111.781812,35.831811],[111.783351,35.831963],[111.786053,35.831763],[111.790462,35.831169],[111.794302,35.830679],[111.795625,35.830388],[111.796159,35.830365],[111.796875,35.83017],[111.79732,35.829978],[111.797859,35.829643],[111.798301,35.829166],[111.79852,35.828847],[111.798871,35.828689],[111.801073,35.828129],[111.801644,35.828146],[111.802767,35.828865],[111.803812,35.829182],[111.803842,35.829181],[111.804952,35.828908],[111.805455,35.828747],[111.80615,35.828442],[111.807076,35.827867],[111.80802,35.827245],[111.808084,35.827209],[111.808355,35.827111],[111.809543,35.82682],[111.812638,35.826294],[111.812901,35.826224],[111.813712,35.826195],[111.814871,35.825713],[111.814981,35.825626],[111.81563,35.825405],[111.818368,35.823892],[111.818775,35.823649],[111.819577,35.823019],[111.820404,35.822366],[111.821736,35.821693],[111.822915,35.821275],[111.824731,35.82063],[111.825894,35.820535],[111.826316,35.820593],[111.827561,35.820678],[111.828919,35.821002],[111.82941,35.820993],[111.830342,35.821081],[111.831545,35.821136],[111.831973,35.821228],[111.832286,35.821494],[111.832502,35.821761],[111.83293,35.821869],[111.833745,35.821958],[111.834293,35.821917],[111.836035,35.821285],[111.838039,35.819769],[111.838323,35.819351],[111.838818,35.818619],[111.839013,35.818294],[111.839595,35.817326],[111.839692,35.816998],[111.839849,35.816466],[111.840632,35.815745],[111.841306,35.815284],[111.841393,35.815429],[111.841564,35.815634],[111.84184,35.815742],[111.842203,35.815861],[111.842457,35.815914],[111.842821,35.815904],[111.843225,35.815935],[111.843386,35.816033],[111.843462,35.816092],[111.844778,35.816075],[111.845589,35.815706],[111.846789,35.815429],[111.848086,35.815231],[111.848935,35.815201],[111.849402,35.815132],[111.851014,35.81506],[111.852008,35.815255],[111.853004,35.815632],[111.853729,35.816233],[111.85456,35.817398],[111.854892,35.818224],[111.854897,35.818769],[111.854681,35.819397],[111.854241,35.819966],[111.853232,35.820761],[111.852197,35.821334],[111.851957,35.821585],[111.851956,35.821594],[111.852114,35.821924],[111.85272,35.822299],[111.853324,35.822579],[111.85339,35.822676],[111.853607,35.822897],[111.853701,35.823064],[111.853703,35.823223],[111.853636,35.823402],[111.853626,35.82362],[111.85359,35.823873],[111.853632,35.824141],[111.85424,35.824816],[111.85473,35.825208],[111.855426,35.825703],[111.855676,35.825897],[111.856292,35.826231],[111.856682,35.826581],[111.857021,35.826829],[111.857288,35.827123],[111.857352,35.827456],[111.857393,35.827534],[111.857534,35.828102],[111.857918,35.82945],[111.858198,35.830254],[111.858357,35.830616],[111.858863,35.830818],[111.858883,35.830822],[111.859154,35.83084],[111.859816,35.830979],[111.860213,35.831128],[111.860432,35.831342],[111.86046,35.831359],[111.860903,35.832849],[111.861123,35.83313],[111.861093,35.833451],[111.861082,35.833564],[111.861014,35.835343],[111.861154,35.835675],[111.86143,35.835962],[111.862335,35.836311],[111.863463,35.837126],[111.864157,35.838188],[111.864808,35.839104],[111.864898,35.839178],[111.864921,35.839185],[111.865013,35.839222],[111.865105,35.839278],[111.865121,35.83934],[111.865137,35.839427],[111.865139,35.839527],[111.865157,35.839597],[111.865931,35.840686],[111.866511,35.841371],[111.867034,35.841745],[111.868077,35.842227],[111.869227,35.842552],[111.86979,35.842632],[111.870325,35.842636],[111.87122,35.842582],[111.873999,35.842139],[111.875346,35.841838],[111.875429,35.841796],[111.875519,35.841746],[111.875604,35.841735],[111.875773,35.841724],[111.87586,35.841724],[111.876644,35.841548],[111.876753,35.84148],[111.876882,35.841359],[111.876987,35.841299],[111.877166,35.841278],[111.877329,35.841283],[111.877443,35.841309],[111.877558,35.841321],[111.877664,35.841321],[111.877702,35.841312],[111.878357,35.841285],[111.882067,35.84108],[111.88283,35.840986],[111.885877,35.840052],[111.888736,35.839364],[111.889638,35.839535],[111.890492,35.840218],[111.892639,35.841802],[111.893488,35.84204],[111.894555,35.842277],[111.89696,35.842526],[111.899119,35.842732],[111.90021,35.842701],[111.900565,35.842654],[111.900971,35.842429],[111.901458,35.841981],[111.902802,35.840193],[111.903791,35.838341],[111.90417,35.838049],[111.905854,35.837325],[111.907729,35.836622],[111.908165,35.836552],[111.908904,35.836724],[111.909345,35.837076],[111.909624,35.83763],[111.909633,35.838363],[111.909393,35.838854],[111.908989,35.83939],[111.908286,35.839951],[111.906988,35.841006],[111.905908,35.842036],[111.905099,35.842954],[111.90421,35.843983],[111.903343,35.844545],[111.901365,35.845871],[111.899716,35.847328],[111.897962,35.849075],[111.897072,35.850081],[111.896783,35.851017],[111.89679,35.851662],[111.896932,35.852127],[111.897218,35.85244],[111.89725,35.852439],[111.897511,35.85235],[111.897779,35.852337],[111.897866,35.852336],[111.898473,35.852605],[111.898831,35.852804],[111.899026,35.852863],[111.899563,35.852886],[111.899845,35.852928],[111.90017,35.853182],[111.900475,35.853469],[111.900564,35.853572],[111.900847,35.853685],[111.901486,35.853899],[111.901736,35.854011],[111.901886,35.854212],[111.902063,35.854457],[111.902278,35.854483],[111.902493,35.854514],[111.902668,35.854551],[111.902776,35.85461],[111.902844,35.85468],[111.903134,35.854837],[111.903349,35.854911],[111.903558,35.854992],[111.903652,35.855024],[111.903777,35.855064],[111.904309,35.855117],[111.905099,35.854911],[111.905696,35.854595],[111.906722,35.853632],[111.907345,35.85316],[111.909702,35.851587],[111.910972,35.850488],[111.911858,35.849192],[111.912424,35.848566],[111.913157,35.848182],[111.913921,35.848132],[111.916623,35.848111],[111.916896,35.848065],[111.917112,35.847885],[111.917489,35.847416],[111.918294,35.84621],[111.918753,35.845806],[111.919269,35.845558],[111.919868,35.845442],[111.921563,35.845673],[111.922712,35.845842],[111.925635,35.846086],[111.929219,35.846726],[111.930696,35.847003],[111.932148,35.847392],[111.93319,35.847806],[111.937223,35.849553],[111.938594,35.850053],[111.939306,35.850203],[111.940317,35.850306],[111.942501,35.850289],[111.943648,35.850325],[111.945151,35.850513],[111.946549,35.850991],[111.947785,35.851604],[111.949519,35.85279],[111.951364,35.854131],[111.951805,35.854439],[111.952188,35.854569],[111.952898,35.854564],[111.95369,35.854557],[111.955572,35.854409],[111.956635,35.854245],[111.957644,35.854215],[111.959122,35.85447],[111.960658,35.85508],[111.96313,35.856349],[111.964036,35.856719],[111.967492,35.85807],[111.968972,35.858502],[111.969628,35.858586],[111.970174,35.858559],[111.970391,35.858469],[111.970578,35.858156],[111.970729,35.857043],[111.970917,35.854575],[111.970828,35.854042],[111.970653,35.85311],[111.970629,35.853006],[111.970506,35.852927],[111.970207,35.852752],[111.97005,35.852626],[111.970002,35.852446],[111.970041,35.851906],[111.970266,35.85141],[111.970857,35.850836],[111.971302,35.850327],[111.972898,35.849158],[111.976067,35.847088],[111.97718,35.846567],[111.977861,35.846473],[111.978434,35.846446],[111.979034,35.846441],[111.979472,35.846504],[111.980267,35.846809],[111.981758,35.847563],[111.982908,35.84841],[111.98379,35.849158],[111.984725,35.849662],[111.985328,35.849868],[111.985914,35.849892],[111.986296,35.849952],[111.986714,35.850073],[111.987905,35.850183],[111.98899,35.850208],[111.98937,35.850103],[111.98948,35.850084],[111.989723,35.850067],[111.989868,35.85014],[111.990362,35.850614],[111.990923,35.851039],[111.991333,35.851219],[111.991699,35.851287],[111.992192,35.851319],[111.992349,35.851339],[111.992951,35.851364],[111.994576,35.851328],[111.99506,35.851308],[111.996122,35.851169],[111.996453,35.851096],[111.996772,35.851111],[111.997591,35.851136],[111.997949,35.851104],[111.998908,35.850834],[111.999182,35.85065],[111.999315,35.850635],[111.999475,35.850633],[111.999811,35.850695],[112.00075,35.850743],[112.001278,35.850707],[112.001849,35.850682],[112.003139,35.850403],[112.005062,35.84985],[112.00572,35.849768],[112.006592,35.849876],[112.007346,35.849965],[112.007769,35.849962],[112.00845,35.849822],[112.011306,35.849569],[112.012657,35.849595],[112.014133,35.849574],[112.01554,35.849557],[112.01664,35.84966],[112.01781,35.849892],[112.01843,35.850003],[112.019004,35.850185],[112.02011,35.850711],[112.020663,35.851042],[112.021735,35.851615],[112.02268,35.85211],[112.023649,35.852744],[112.024202,35.853029],[112.024661,35.853136],[112.024853,35.853142],[112.025082,35.853187],[112.026754,35.853288],[112.029108,35.853363],[112.030238,35.853411],[112.030852,35.853559],[112.031893,35.853971],[112.032416,35.854352],[112.032311,35.853192],[112.032327,35.852894],[112.032379,35.852408],[112.032435,35.852217],[112.034404,35.8456],[112.035428,35.843448],[112.035525,35.843326],[112.035613,35.8432],[112.035652,35.843135],[112.035687,35.843068],[112.035746,35.84293],[112.035797,35.842789],[112.035839,35.842647],[112.035857,35.842575],[112.035885,35.842431],[112.035896,35.842358],[112.035911,35.842213],[112.035914,35.84214],[112.035913,35.841993],[112.0359,35.841848],[112.035888,35.841776],[112.035853,35.841633],[112.032192,35.827415],[112.031945,35.827035],[112.028066,35.824628],[112.027998,35.82459],[112.027927,35.824556],[112.027855,35.824526],[112.027742,35.824487],[112.027665,35.824465],[112.027548,35.824437],[112.027346,35.824398],[112.026734,35.824301],[112.026611,35.824285],[112.026447,35.824271],[112.025869,35.824242],[112.025664,35.824227],[112.025542,35.824212],[112.025422,35.824193],[112.025303,35.824168],[112.025224,35.824148],[112.024992,35.824075],[112.024804,35.824006],[112.02462,35.823929],[112.024443,35.823842],[112.024376,35.823803],[112.023288,35.822611],[112.022321,35.821379],[112.021425,35.820208],[112.019312,35.8167],[112.019265,35.816607],[112.019227,35.816512],[112.019162,35.816313],[112.019135,35.816212],[112.019121,35.816113],[112.019122,35.816048],[112.019133,35.815984],[112.019156,35.815921],[112.019173,35.815891],[112.019193,35.815862],[112.01924,35.815808],[112.019267,35.815783],[112.019628,35.815455],[112.020104,35.815412],[112.020722,35.815407],[112.025852,35.812493],[112.02646,35.812147],[112.027045,35.811815],[112.027633,35.811396],[112.028128,35.810958],[112.035601,35.804338],[112.03778,35.802407],[112.044216,35.796703],[112.044641,35.796327],[112.047074,35.793188],[112.051117,35.78797],[112.052817,35.785776],[112.053424,35.784958],[112.053548,35.784768],[112.053597,35.784668],[112.053669,35.784416],[112.053673,35.784353],[112.053684,35.784156],[112.053494,35.780698],[112.053434,35.780085],[112.05333,35.779441],[112.051388,35.769915],[112.051345,35.769752],[112.051322,35.769687],[112.051282,35.769592],[112.051192,35.769402],[112.051141,35.769309],[112.051086,35.769218],[112.050983,35.769073],[112.050889,35.768963],[112.050783,35.768861],[112.050726,35.768813],[112.050664,35.768768],[112.050567,35.768707],[112.042014,35.763917],[112.037826,35.761932],[112.03262,35.759463],[112.026404,35.756216],[112.025893,35.755949],[112.02287,35.75437],[112.019711,35.748343],[112.01759,35.744298],[112.016512,35.742242],[112.015126,35.73761],[112.015109,35.737545],[112.015098,35.737479],[112.015078,35.737274],[112.01507,35.737136],[112.01506,35.736723],[112.015148,35.736219],[112.015854,35.73567],[112.017466,35.735347],[112.018942,35.735166],[112.019325,35.734946],[112.019491,35.734845],[112.019683,35.734719],[112.019774,35.734652],[112.019862,35.734582],[112.019999,35.734458],[112.026633,35.727558],[112.026959,35.727052],[112.027095,35.726547],[112.027087,35.725927],[112.027025,35.724804],[112.025672,35.717967],[112.024426,35.711668],[112.02437,35.711381],[112.018738,35.701903],[112.018708,35.701841],[112.01866,35.701712],[112.018642,35.701646],[112.018621,35.701547],[112.017331,35.694752],[112.017308,35.694619],[112.017296,35.694518],[112.017286,35.694384],[112.017281,35.694249],[112.017282,35.694114],[112.017288,35.693979],[112.017299,35.693845],[112.017316,35.693711],[112.017338,35.693577],[112.010141,35.688968],[112.00179,35.68552],[111.997541,35.683765],[111.996282,35.683261],[111.994334,35.68248],[111.993422,35.682115],[111.988028,35.679953],[111.987907,35.679811],[111.98643,35.677652],[111.986383,35.677505],[111.986237,35.675751],[111.98624,35.675324],[111.98655,35.674549],[111.987213,35.673531],[111.987771,35.672535],[111.987883,35.671185],[111.987559,35.669852],[111.987512,35.669688],[111.987438,35.669467],[111.98736,35.669248],[111.987186,35.668763],[111.987107,35.668552],[111.987017,35.668338],[111.986908,35.668118],[111.986706,35.667776],[111.986573,35.667573],[111.986147,35.666926],[111.985976,35.666736],[111.985972,35.666734],[111.985852,35.66665],[111.985636,35.666601],[111.982355,35.666144],[111.981067,35.66621],[111.980742,35.666233],[111.974537,35.66773],[111.973025,35.668167],[111.971731,35.668744],[111.969958,35.669165],[111.964534,35.669392],[111.964261,35.669402],[111.964003,35.669399],[111.963488,35.669347],[111.963211,35.669304],[111.962933,35.669254],[111.962659,35.669202],[111.962372,35.669148],[111.962109,35.669095],[111.961847,35.669036],[111.961582,35.668968],[111.961313,35.668887],[111.960782,35.668693],[111.958471,35.667756],[111.95797,35.66755],[111.957735,35.667435],[111.957559,35.667319],[111.957421,35.66714],[111.953293,35.660884],[111.953379,35.657644],[111.953607,35.649041],[111.952658,35.640626],[111.952683,35.640255],[111.95331,35.636757],[111.953858,35.634374],[111.95445,35.633106],[111.954441,35.632363],[111.954433,35.631695],[111.954273,35.631002],[111.95306,35.628485],[111.952692,35.628216],[111.948404,35.627383],[111.943634,35.626825],[111.942996,35.626756],[111.940447,35.626702],[111.93881,35.626838],[111.935637,35.622652],[111.935373,35.61995],[111.93419,35.6078],[111.934148,35.606835],[111.934202,35.606264],[111.93462,35.605642],[111.935489,35.604743],[111.936871,35.603593],[111.938284,35.602591],[111.939578,35.60169],[111.940206,35.600941],[111.940682,35.600145],[111.940733,35.599278],[111.940748,35.598014],[111.940673,35.596751],[111.940386,35.595589],[111.940134,35.594749],[111.939762,35.594059],[111.93856,35.589857],[111.938606,35.589334],[111.938728,35.587917],[111.939468,35.579322],[111.939525,35.578975],[111.939671,35.578528],[111.940029,35.577955],[111.941173,35.577277],[111.946702,35.574057],[111.946919,35.573946],[111.94704,35.573902],[111.947194,35.573862],[111.947479,35.573826],[111.947613,35.573821],[111.947711,35.573836],[111.947988,35.573915],[111.948233,35.574048],[111.948596,35.574246],[111.949297,35.574563],[111.949996,35.574681],[111.95127,35.574671],[111.953119,35.574657],[111.954146,35.574376],[111.958463,35.570746],[111.960147,35.569052],[111.960325,35.568729],[111.961199,35.565724],[111.961283,35.565179],[111.961215,35.562999],[111.961195,35.562347],[111.961119,35.562115],[111.960759,35.561004],[111.960188,35.559243],[111.959669,35.558141],[111.95958,35.558047],[111.957527,35.55554],[111.955902,35.552892],[111.95541,35.552063],[111.954646,35.550777],[111.951181,35.544944],[111.951748,35.538204],[111.953481,35.536134],[111.955359,35.533444],[111.955685,35.532847],[111.956542,35.531056],[111.957427,35.528993],[111.957706,35.521882],[111.957542,35.520793],[111.956785,35.518747],[111.956556,35.518268],[111.956318,35.517971],[111.95597,35.517642],[111.950962,35.516018],[111.950391,35.515878],[111.948316,35.515388],[111.947801,35.515297],[111.947473,35.51527],[111.94709,35.515331],[111.946818,35.515426],[111.946258,35.515892],[111.946014,35.516019],[111.943095,35.516622],[111.942281,35.516665],[111.941686,35.516647],[111.939977,35.516347],[111.939776,35.516287],[111.938126,35.515311],[111.937835,35.515076],[111.937758,35.514925],[111.937712,35.514434],[111.937824,35.508438],[111.937911,35.508091],[111.939828,35.505757],[111.942897,35.502262],[111.944549,35.50038],[111.948583,35.495785],[111.954204,35.489867],[111.955928,35.488052],[111.958993,35.485054],[111.959146,35.484854],[111.960184,35.482683],[111.961181,35.480597],[111.960133,35.47553],[111.959936,35.474907],[111.959553,35.474102],[111.959439,35.473873],[111.959237,35.473496],[111.958448,35.472069],[111.958317,35.471846],[111.958219,35.471703],[111.958165,35.471634],[111.958046,35.471502],[111.957982,35.471439],[111.957849,35.471315],[111.957507,35.471014],[111.957376,35.470891],[111.957313,35.470827],[111.957198,35.470694],[111.957146,35.470625],[111.957098,35.470553],[111.957054,35.470479],[111.956972,35.470329],[111.956897,35.470175],[111.956831,35.47002],[111.956777,35.469861],[111.956736,35.469701],[111.95671,35.469538],[111.956704,35.469456],[111.956704,35.469375],[111.95671,35.469294],[111.956733,35.469134],[111.95675,35.469054],[111.956795,35.468894],[111.956848,35.468736],[111.957306,35.467382],[111.957386,35.467144],[111.957472,35.466907],[111.957597,35.466594],[111.96069,35.459511],[111.96321,35.454013],[111.964766,35.448625],[111.965155,35.447277],[111.965844,35.444891],[111.967542,35.43257],[111.967546,35.432489],[111.967539,35.432407],[111.967523,35.432328],[111.967497,35.432251],[111.967463,35.432176],[111.967422,35.432102],[111.9663,35.430108],[111.966204,35.429961],[111.966151,35.429891],[111.966094,35.429823],[111.966075,35.429803],[111.965817,35.429691],[111.96534,35.429592],[111.965155,35.429558],[111.964519,35.429534],[111.964474,35.429523],[111.964382,35.429491],[111.964293,35.429454],[111.964208,35.429413],[111.964044,35.429319],[111.963886,35.429215],[111.963575,35.429004],[111.963348,35.428842],[111.963203,35.428728],[111.963062,35.428611],[111.959611,35.425735],[111.959542,35.425676],[111.959477,35.425614],[111.959415,35.42555],[111.959302,35.425414],[111.959202,35.425271],[111.959112,35.425123],[111.956314,35.420346],[111.956273,35.42027],[111.956201,35.420117],[111.956109,35.419882],[111.956119,35.419231],[111.954464,35.41607],[111.951122,35.408358],[111.951837,35.407844],[111.951923,35.407467],[111.951955,35.406901],[111.951964,35.406718],[111.951965,35.406596],[111.951959,35.406475],[111.951947,35.406354],[111.95192,35.406172],[111.951886,35.405991],[111.951632,35.404725],[111.951537,35.404305],[111.951456,35.404007],[111.951298,35.403472],[111.951238,35.403296],[111.951189,35.403182],[111.951129,35.403071],[111.951094,35.403017],[111.951015,35.402915],[111.950093,35.402214],[111.938069,35.393062],[111.937695,35.391247],[111.937629,35.390947],[111.937565,35.390709],[111.937244,35.389576],[111.936979,35.389255],[111.936797,35.389149],[111.936222,35.388911],[111.934056,35.388404],[111.929633,35.387444],[111.928793,35.387377],[111.915958,35.386354],[111.915571,35.386397],[111.915314,35.386456],[111.914595,35.386639],[111.912386,35.387497],[111.912252,35.38755],[111.896712,35.388616],[111.896404,35.388538],[111.892798,35.387802],[111.892504,35.38775],[111.892207,35.387709],[111.891983,35.387687],[111.891759,35.387673],[111.891535,35.387669],[111.891313,35.387676],[111.879747,35.388096],[111.879145,35.388135],[111.872177,35.39044],[111.871608,35.391373],[111.870899,35.392534],[111.870874,35.392574],[111.868815,35.394695],[111.868767,35.394739],[111.868716,35.394781],[111.868662,35.39482],[111.868605,35.394856],[111.868544,35.394888],[111.868479,35.394916],[111.865523,35.395977],[111.865455,35.396],[111.865386,35.396021],[111.865244,35.396058],[111.85277,35.39927],[111.85195,35.399457],[111.848985,35.400131],[111.848069,35.40033],[111.847754,35.400365],[111.84758,35.400366],[111.847524,35.400348],[111.847476,35.400325],[111.845442,35.399221],[111.845414,35.399317],[111.845403,35.399377],[111.845304,35.399924],[111.845275,35.400166],[111.845262,35.400348],[111.845157,35.402912],[111.845143,35.403278],[111.845141,35.403643],[111.845152,35.404009],[111.845164,35.404192],[111.845703,35.41134],[111.844552,35.41626],[111.842567,35.424752],[111.842533,35.424869],[111.842512,35.424926],[111.84246,35.425038],[111.842428,35.425092],[111.842391,35.425145],[111.842351,35.425196],[111.842259,35.42529],[111.832167,35.4345],[111.831402,35.435007],[111.830554,35.43538],[111.82844,35.435371],[111.827523,35.435025],[111.825057,35.433895],[111.824773,35.433438],[111.823839,35.432521],[111.823257,35.431999],[111.820993,35.430073],[111.820834,35.429946],[111.820667,35.429825],[111.820202,35.429515],[111.820022,35.429408],[111.819895,35.429346],[111.819763,35.429294],[111.819694,35.429273],[111.81955,35.429241],[111.819478,35.42923],[111.819331,35.429216],[111.819258,35.429213],[111.819109,35.429214],[111.811826,35.429383],[111.811303,35.42954],[111.80734,35.431219],[111.807155,35.431622],[111.80663,35.433238],[111.806595,35.433356],[111.806402,35.43402],[111.805851,35.436362],[111.805849,35.436384],[111.805854,35.436408],[111.805915,35.436458],[111.806007,35.43651],[111.810706,35.438557],[111.815477,35.44203],[111.820636,35.445785],[111.822946,35.446213],[111.824867,35.446568],[111.825177,35.446688],[111.831786,35.453541],[111.831874,35.453638],[111.831954,35.45374],[111.83199,35.453793],[111.832051,35.453903],[111.832077,35.45396],[111.832097,35.454018],[111.832124,35.454136],[111.832968,35.460877],[111.832978,35.461892],[111.832924,35.462202],[111.83237,35.464895],[111.83234,35.464939],[111.832293,35.464998],[111.831998,35.465102],[111.831599,35.46521],[111.831374,35.465293],[111.831272,35.465379],[111.830612,35.46632],[111.829064,35.470209],[111.828958,35.470501],[111.828838,35.470854],[111.828727,35.471209],[111.828644,35.471507],[111.828569,35.471806],[111.828517,35.472046],[111.828436,35.472468],[111.828383,35.472771],[111.828347,35.473014],[111.827598,35.4781],[111.827579,35.478283],[111.827573,35.478405],[111.827576,35.478588],[111.827586,35.478709],[111.827616,35.47889],[111.827646,35.479009],[111.827685,35.479127],[111.827709,35.479184],[111.827736,35.47924],[111.827795,35.479349],[111.827901,35.479507],[111.828022,35.479659],[111.8282,35.479855],[111.829377,35.481125],[111.829566,35.481314],[111.829664,35.481405],[111.829766,35.481493],[111.829871,35.481579],[111.830502,35.481981],[111.838297,35.486953],[111.838196,35.491083],[111.8382,35.491464],[111.838219,35.493339],[111.838297,35.493659],[111.839424,35.495999],[111.839427,35.496003],[111.839584,35.496257],[111.839801,35.496441],[111.840219,35.496742],[111.841541,35.497446],[111.84297,35.498164],[111.844445,35.503167],[111.844927,35.504803],[111.846008,35.50847],[111.846437,35.509924],[111.846514,35.510187],[111.8476,35.511786],[111.851513,35.512916],[111.851726,35.512978],[111.856891,35.514468],[111.857189,35.514554],[111.863825,35.516469],[111.865149,35.516566],[111.865464,35.516566],[111.874808,35.515961],[111.876513,35.515804],[111.87668,35.515764],[111.876897,35.515686],[111.877146,35.515584],[111.877278,35.515489],[111.877834,35.515013],[111.877986,35.51488],[111.878129,35.514741],[111.878265,35.514596],[111.878395,35.514447],[111.878522,35.514296],[111.878892,35.513836],[111.88572,35.512368],[111.896224,35.522381],[111.896726,35.522924],[111.896895,35.523202],[111.897162,35.5245],[111.897167,35.524926],[111.899302,35.531893],[111.902398,35.533268],[111.902517,35.53338],[111.90262,35.537728],[111.902643,35.53868],[111.902709,35.54144],[111.898881,35.543525],[111.87837,35.548888],[111.878194,35.548929],[111.878042,35.548953],[111.873634,35.548704],[111.872212,35.548469],[111.871503,35.548313],[111.869468,35.547978],[111.868819,35.548017],[111.868327,35.54805],[111.867213,35.548144],[111.866547,35.548208],[111.865734,35.5483],[111.864701,35.54843],[111.862862,35.548672],[111.861616,35.548867],[111.858709,35.549321],[111.858589,35.549352],[111.858476,35.549401],[111.85825,35.549642],[111.858159,35.549792],[111.858059,35.550195],[111.857944,35.550581],[111.857832,35.550803],[111.857732,35.550983],[111.857364,35.551382],[111.857149,35.551562],[111.855763,35.552673],[111.855548,35.552762],[111.85395,35.553159],[111.853525,35.553255],[111.853222,35.553289],[111.852569,35.55327],[111.851901,35.553226],[111.848656,35.55298],[111.84851,35.552963],[111.847169,35.552785],[111.846196,35.552559],[111.846133,35.552538],[111.845987,35.55253],[111.845955,35.55253],[111.845582,35.552533],[111.845134,35.552542],[111.844687,35.552556],[111.84424,35.552575],[111.843793,35.552598],[111.842081,35.552704],[111.841784,35.552725],[111.841487,35.55275],[111.841191,35.55278],[111.840897,35.552817],[111.840604,35.552863],[111.840313,35.552917],[111.839952,35.552994],[111.839522,35.553096],[111.838665,35.553309],[111.838453,35.553367],[111.838313,35.553409],[111.837252,35.553758],[111.837199,35.553789],[111.837135,35.553849],[111.836949,35.554117],[111.836915,35.554169],[111.836676,35.55465],[111.83653,35.555084],[111.835892,35.557357],[111.835779,35.557785],[111.835769,35.558192],[111.835785,35.558511],[111.835493,35.559661],[111.834604,35.560898],[111.834302,35.561319],[111.832072,35.564423],[111.831841,35.564736],[111.831718,35.564888],[111.83159,35.565038],[111.831455,35.565183],[111.83136,35.565276],[111.83126,35.565367],[111.829614,35.566859],[111.827489,35.568645],[111.827451,35.568705],[111.827426,35.568869],[111.827294,35.570205],[111.827152,35.572463],[111.827156,35.572532],[111.827163,35.572575],[111.828713,35.578906],[111.829261,35.581141],[111.832056,35.583422],[111.832109,35.583465],[111.832549,35.583809],[111.832663,35.58389],[111.832721,35.583928],[111.832841,35.583993],[111.832904,35.58402],[111.832969,35.584043],[111.833036,35.584061],[111.833105,35.584074],[111.833176,35.584081],[111.83325,35.584082],[111.833323,35.584075],[111.833393,35.584061],[111.833461,35.584042],[111.833528,35.584019],[111.833594,35.583992],[111.835285,35.584202],[111.83903,35.588176],[111.841667,35.591189],[111.844651,35.594638],[111.844777,35.59479],[111.844935,35.594997],[111.845119,35.595262],[111.845326,35.595587],[111.845459,35.595806],[111.84558,35.596029],[111.845634,35.596143],[111.845683,35.596257],[111.845745,35.596432],[111.845792,35.596611],[111.845812,35.596731],[111.845829,35.596912],[111.845833,35.597094],[111.845824,35.597338],[111.845781,35.598254],[111.845769,35.598375],[111.84576,35.598435],[111.845731,35.598554],[111.845665,35.598729],[111.845582,35.598899],[111.845516,35.599008],[111.84548,35.599062],[111.845402,35.599166],[111.84536,35.599216],[111.84527,35.599313],[111.845222,35.59936],[111.845119,35.599447],[111.845064,35.599487],[111.84495,35.599563],[111.84489,35.599599],[111.844766,35.599666],[111.844637,35.599728],[111.840148,35.601748],[111.83995,35.601834],[111.839749,35.601915],[111.839545,35.60199],[111.839338,35.602059],[111.830809,35.604898],[111.830738,35.604921],[111.830632,35.604916],[111.830544,35.604897],[111.8304,35.604834],[111.830192,35.604688],[111.829951,35.60447],[111.829741,35.60425],[111.829593,35.604015],[111.829464,35.603846],[111.829309,35.603721],[111.828838,35.603344],[111.826509,35.602211],[111.823966,35.601041],[111.823775,35.600971],[111.823568,35.600901],[111.82329,35.600813],[111.809833,35.596783],[111.809692,35.596743],[111.80955,35.596707],[111.809407,35.596676],[111.809262,35.596649],[111.809043,35.596617],[111.808896,35.5966],[111.808748,35.596587],[111.808525,35.596575],[111.808226,35.59657],[111.808002,35.596575],[111.807703,35.596591],[111.807404,35.596618],[111.800715,35.597418],[111.798858,35.59764],[111.796092,35.597971],[111.792127,35.598446],[111.789042,35.598954],[111.785748,35.599497],[111.776154,35.601078],[111.775862,35.60113],[111.774184,35.601448],[111.774092,35.601469],[111.773663,35.601607],[111.773523,35.601677],[111.773361,35.601902],[111.773015,35.602754],[111.772968,35.60307],[111.772967,35.60393],[111.772986,35.604068],[111.773073,35.60421],[111.772446,35.605671],[111.75994,35.614924],[111.759091,35.61546],[111.751475,35.619292],[111.747904,35.621834],[111.744404,35.624325],[111.737828,35.629004],[111.737081,35.629442],[111.729113,35.634115],[111.726122,35.634598],[111.723865,35.634946],[111.723377,35.635025],[111.722697,35.635147],[111.721924,35.635298],[111.721394,35.635408],[111.720383,35.635623],[111.719903,35.635729],[111.719473,35.63583],[111.719046,35.635938],[111.718669,35.636041],[111.718341,35.636137],[111.717971,35.636255],[111.710073,35.638903],[111.7098,35.639],[111.709485,35.639121],[111.709218,35.639229],[111.708908,35.639359],[111.70661,35.640327],[111.706349,35.640443],[111.706135,35.640546],[111.706009,35.640611],[111.705886,35.64068],[111.705767,35.640752],[111.705652,35.640829],[111.705429,35.64099],[111.704958,35.641352],[111.704733,35.64151],[111.704616,35.641584],[111.704495,35.641654],[111.704369,35.641719],[111.70424,35.641781],[111.704066,35.641858],[111.703889,35.641931],[111.703709,35.642],[111.703481,35.642079],[111.703296,35.642138],[111.703062,35.642207],[111.702825,35.64227],[111.702586,35.642328],[111.702346,35.642382],[111.702104,35.642431],[111.701862,35.642476],[111.701618,35.642516],[111.701373,35.642551],[111.701127,35.642581],[111.70088,35.642605],[111.700682,35.64262],[111.700434,35.642634],[111.700186,35.642643],[111.699938,35.642646],[111.699739,35.642643],[111.69954,35.642637],[111.699293,35.642622],[111.699095,35.642606],[111.698849,35.642579],[111.698653,35.642554],[111.698409,35.642517],[111.698165,35.642476],[111.697923,35.64243],[111.697681,35.642381],[111.697393,35.642318],[111.697058,35.642239],[111.69682,35.642179],[111.696541,35.642096],[111.696267,35.642001],[111.695996,35.641899],[111.688542,35.640698],[111.67307,35.639045],[111.672774,35.63902],[111.672377,35.638996],[111.67193,35.63898],[111.671233,35.638968],[111.670786,35.638968],[111.670338,35.638977],[111.669891,35.638994],[111.669445,35.63902],[111.668999,35.639053],[111.667165,35.639218],[111.666918,35.639245],[111.666676,35.639282],[111.666532,35.639309],[111.66639,35.639341],[111.666251,35.639378],[111.666159,35.639406],[111.665979,35.639472],[111.665803,35.639548],[111.665673,35.639609],[111.665461,35.639717],[111.665259,35.639835],[111.665143,35.639912],[111.665068,35.639965],[111.664927,35.640077],[111.664828,35.640168],[111.664765,35.640231],[111.664526,35.640494],[111.664471,35.640563],[111.664422,35.640633],[111.664362,35.640742],[111.664325,35.640857],[111.664316,35.640977],[111.664325,35.641057],[111.664357,35.641175],[111.664387,35.641253],[111.664423,35.641329],[111.664484,35.641441],[111.664528,35.641513],[111.664607,35.641613],[111.6647,35.641703],[111.664803,35.641786],[111.664955,35.641887],[111.666297,35.642668],[111.666542,35.642807],[111.666749,35.64292],[111.666958,35.643029],[111.66717,35.643136],[111.667471,35.643279],[111.667779,35.643409],[111.668094,35.643529],[111.668866,35.64381],[111.66909,35.643898],[111.669267,35.643972],[111.669616,35.644128],[111.670004,35.644311],[111.670387,35.6445],[111.670808,35.644715],[111.671143,35.644891],[111.671433,35.645048],[111.67172,35.645208],[111.672046,35.645394],[111.672368,35.645584],[111.672687,35.645778],[111.673004,35.645975],[111.673318,35.646174],[111.673938,35.646582],[111.675527,35.647631],[111.675836,35.647836],[111.676024,35.647969],[111.67617,35.648078],[111.676311,35.64819],[111.676446,35.648306],[111.676606,35.648458],[111.676755,35.648619],[111.676865,35.648753],[111.676992,35.648928],[111.677108,35.649107],[111.677237,35.649327],[111.677597,35.649997],[111.677712,35.650222],[111.6778,35.650411],[111.677862,35.650565],[111.677914,35.650721],[111.677955,35.65088],[111.677981,35.65104],[111.677995,35.651201],[111.677999,35.651362],[111.67799,35.651564],[111.677972,35.651767],[111.677815,35.653105],[111.677775,35.653387],[111.677729,35.653627],[111.677669,35.653865],[111.677605,35.654059],[111.677526,35.65425],[111.677471,35.654363],[111.677411,35.654475],[111.677282,35.654695],[111.677139,35.654909],[111.677009,35.655082],[111.676926,35.655182],[111.676838,35.655281],[111.676684,35.65544],[111.676519,35.655591],[111.676308,35.655764],[111.676198,35.655847],[111.676085,35.655926],[111.67589,35.656052],[111.675686,35.656167],[111.675473,35.656271],[111.675296,35.656345],[111.675206,35.656379],[111.675069,35.656424],[111.674835,35.656488],[111.674596,35.65654],[111.67445,35.656566],[111.674304,35.656589],[111.674007,35.656625],[111.670565,35.656964],[111.669284,35.656854],[111.669198,35.656834],[111.669116,35.656795],[111.669044,35.656742],[111.668958,35.656646],[111.668912,35.656574],[111.66876,35.656316],[111.6687,35.656205],[111.668647,35.656092],[111.666617,35.651473],[111.661479,35.648305],[111.65602,35.644938],[111.651902,35.642398],[111.633933,35.640286],[111.63265,35.640142],[111.629837,35.639856],[111.629245,35.639799],[111.628998,35.63978],[111.627755,35.639696],[111.627308,35.639672],[111.62701,35.639663],[111.626763,35.639663],[111.626516,35.639671],[111.626319,35.639683],[111.626123,35.639702],[111.625928,35.639728],[111.625782,35.639752],[111.625589,35.639791],[111.625399,35.639836],[111.625163,35.639899],[111.624977,35.639955],[111.624747,35.640031],[111.624474,35.640129],[111.624158,35.640251],[111.623801,35.640396],[111.62318,35.640654],[111.622961,35.64075],[111.622788,35.64083],[111.622619,35.640915],[111.622455,35.641006],[111.622335,35.641078],[111.617259,35.64427],[111.616374,35.644827],[111.615094,35.645656],[111.61264,35.64829],[111.610415,35.651178],[111.609892,35.656224],[111.609999,35.656828],[111.610804,35.658616],[111.612256,35.661548],[111.613988,35.664249],[111.615558,35.665825],[111.616305,35.666654],[111.617998,35.668533],[111.618111,35.669376],[111.61817,35.670112],[111.618068,35.670632],[111.617673,35.671024],[111.616511,35.671766],[111.612146,35.67341],[111.610782,35.673923],[111.607305,35.675233],[111.606775,35.675301],[111.606137,35.675195],[111.605552,35.674939],[111.605147,35.674075],[111.604664,35.67332],[111.60421,35.67291],[111.602501,35.671469],[111.600953,35.670221],[111.600449,35.670223],[111.600211,35.670354],[111.597172,35.675522],[111.595384,35.678886],[111.593064,35.683249],[111.592828,35.683705],[111.59281,35.68483],[111.592873,35.686172],[111.593288,35.687823],[111.593824,35.689955],[111.594075,35.690954],[111.594678,35.69335],[111.595324,35.694581],[111.598764,35.696721],[111.599536,35.697201],[111.600646,35.697777],[111.601561,35.698252],[111.601954,35.697601],[111.602613,35.696948],[111.603327,35.696555],[111.604069,35.696421],[111.606165,35.696367],[111.607174,35.69647],[111.60768,35.696684],[111.608832,35.698151],[111.608834,35.698367],[111.60836,35.698911],[111.606936,35.700152],[111.605091,35.701763],[111.605066,35.701958],[111.605174,35.702217],[111.608861,35.705381],[111.609739,35.705723],[111.610668,35.70574],[111.612789,35.705469],[111.615707,35.705173],[111.616237,35.70517],[111.619694,35.705975],[111.619961,35.706125],[111.620155,35.706421],[111.624446,35.712964],[111.625478,35.715903],[111.625947,35.71813],[111.626003,35.718585],[111.625929,35.719213],[111.625773,35.719733],[111.625204,35.721555],[111.625073,35.721815],[111.624835,35.721925],[111.614845,35.724292],[111.614102,35.72434],[111.602767,35.724397],[111.60197,35.724358],[111.60109,35.723842],[111.600159,35.723674],[111.599203,35.723635],[111.597479,35.723795],[111.59467,35.724415],[111.594406,35.724655],[111.592967,35.727563],[111.592944,35.727996],[111.593054,35.728558],[111.593272,35.729228],[111.593247,35.72951],[111.593117,35.729857],[111.592404,35.730401],[111.591769,35.730664],[111.591159,35.730797],[111.58946,35.730806],[111.588264,35.730638],[111.587041,35.730406],[111.584259,35.729472],[111.583608,35.729254],[111.580705,35.728012],[111.580278,35.727711],[111.5795,35.726524],[111.579096,35.725747],[111.578828,35.725424],[111.577549,35.72478],[111.567444,35.722425],[111.56678,35.72232],[111.566116,35.722323],[111.562432,35.723163],[111.562274,35.723381],[111.562299,35.723736],[111.562304,35.723813],[111.566317,35.731913],[111.568125,35.734926],[111.569623,35.737421],[111.569994,35.738039],[111.571771,35.741001],[111.572039,35.741281],[111.57535,35.743819],[111.575589,35.743883],[111.57612,35.743902],[111.580688,35.743967],[111.581378,35.74392],[111.583321,35.744517],[111.586222,35.748213],[111.587662,35.750111],[111.588174,35.751743],[111.589528,35.756059],[111.589653,35.75693],[111.589824,35.758609],[111.589828,35.759125],[111.589752,35.759545],[111.589594,35.759708],[111.588666,35.759969],[111.588162,35.760102],[111.586036,35.759852],[111.585026,35.759771],[111.584522,35.759795],[111.584072,35.760035],[111.583756,35.760404],[111.58347,35.761272],[111.583326,35.763329],[111.583441,35.768156],[111.584172,35.781033],[111.584287,35.78218],[111.584504,35.782741],[111.585329,35.783062],[111.588152,35.783958],[111.588445,35.783978],[111.589188,35.783952],[111.589984,35.783775],[111.590436,35.783816],[111.593292,35.785642],[111.593506,35.785836],[111.593722,35.786246],[111.594467,35.789988],[111.594177,35.793821],[111.592727,35.795749],[111.592151,35.796515],[111.589415,35.80023],[111.588923,35.801965],[111.589033,35.802505],[111.590244,35.807393],[111.590712,35.809279],[111.59156,35.8127],[111.592704,35.817316],[111.595063,35.824342],[111.595377,35.825279],[111.597095,35.830407],[111.595519,35.834882],[111.594618,35.840759],[111.594532,35.841477],[111.593932,35.846597],[111.59399,35.847851],[111.594027,35.848658],[111.59415,35.851367],[111.594093,35.851861],[111.593914,35.852233],[111.593581,35.852334],[111.588762,35.853643],[111.588217,35.853769],[111.585544,35.853708],[111.584482,35.853812],[111.583543,35.854113],[111.581819,35.855135],[111.578468,35.857772],[111.574889,35.862377],[111.580827,35.862813],[111.603674,35.862763],[111.604827,35.862664],[111.60594,35.862376],[111.607398,35.861899],[111.608854,35.861141],[111.610614,35.860004],[111.613022,35.858051],[111.614398,35.85698],[111.615698,35.855971],[111.616502,35.855466],[111.617653,35.855053],[111.618382,35.854893],[111.627342,35.854815],[111.633351,35.855911],[111.634159,35.855969],[111.634658,35.855935],[111.635157,35.855807],[111.635501,35.855461],[111.640268,35.85052],[111.640991,35.849577],[111.641292,35.848636],[111.641172,35.848104],[111.642119,35.846346],[111.643759,35.844678],[111.644333,35.844362],[111.6507,35.842292],[111.651467,35.8421],[111.654466,35.842053],[111.657312,35.842037],[111.66012,35.842178],[111.662506,35.842416],[111.666016,35.843711],[111.680055,35.853213],[111.680685,35.853839]]]]}},{"type":"Feature","properties":{"name":"阳城县","adcode":"140522","dataYear":"2023","sourceFile":"阳城县_140522.geojson","sourceSha256":"85abe1df08045d02f8a1cd3c5a15c616aab5a4cd0a822ecb8b4a956bb6b01527"},"geometry":{"type":"MultiPolygon","coordinates":[[[[112.614749,35.531934],[112.614303,35.531182],[112.612915,35.527692],[112.612848,35.527474],[112.611431,35.513863],[112.611199,35.51163],[112.61104,35.510105],[112.610691,35.506748],[112.610684,35.50668],[112.614003,35.502882],[112.612749,35.496417],[112.607768,35.481528],[112.607684,35.481323],[112.607558,35.481092],[112.605125,35.478366],[112.604107,35.477284],[112.603074,35.475737],[112.601154,35.467621],[112.60113,35.467517],[112.601112,35.467414],[112.601101,35.467312],[112.601098,35.467212],[112.601105,35.467115],[112.601123,35.467021],[112.601154,35.46693],[112.601199,35.466844],[112.601229,35.466799],[112.609231,35.455751],[112.614027,35.449129],[112.614119,35.449096],[112.61421,35.449061],[112.614299,35.449024],[112.614388,35.448986],[112.614477,35.448947],[112.614565,35.448907],[112.614652,35.448866],[112.614739,35.448825],[112.615162,35.448626],[112.615329,35.448547],[112.615496,35.448468],[112.615661,35.448387],[112.615826,35.448305],[112.615989,35.448221],[112.61615,35.448135],[112.616308,35.448047],[112.616464,35.447956],[112.616618,35.447861],[112.616711,35.447801],[112.616803,35.44774],[112.616894,35.447678],[112.616984,35.447614],[112.617073,35.44755],[112.617162,35.447485],[112.61725,35.447419],[112.617338,35.447352],[112.6239,35.442353],[112.623967,35.44229],[112.624,35.442219],[112.624004,35.442141],[112.623985,35.442055],[112.623969,35.442011],[112.623949,35.441966],[112.623927,35.44192],[112.623902,35.441873],[112.623876,35.441827],[112.623849,35.441781],[112.623727,35.441574],[112.623605,35.441377],[112.623483,35.441189],[112.623361,35.441007],[112.623239,35.440832],[112.620767,35.437394],[112.620051,35.436398],[112.619808,35.436061],[112.617899,35.435816],[112.617864,35.436857],[112.617833,35.437317],[112.617775,35.437942],[112.617681,35.438571],[112.617659,35.438639],[112.617534,35.438725],[112.617462,35.438736],[112.617222,35.438678],[112.611544,35.437309],[112.611175,35.43722],[112.606482,35.436089],[112.606182,35.436006],[112.606019,35.435912],[112.605873,35.435757],[112.605474,35.435155],[112.604829,35.434178],[112.604721,35.433986],[112.604483,35.433441],[112.604457,35.43337],[112.604469,35.433021],[112.606382,35.428563],[112.607026,35.427062],[112.608129,35.424492],[112.607968,35.424294],[112.603839,35.419147],[112.603554,35.418786],[112.6034,35.418485],[112.602468,35.411185],[112.602528,35.410936],[112.602605,35.410787],[112.606266,35.406992],[112.606405,35.406305],[112.606593,35.405375],[112.607433,35.401233],[112.607448,35.401052],[112.607435,35.40076],[112.607337,35.40047],[112.607206,35.40021],[112.60682,35.399541],[112.606435,35.399035],[112.605743,35.398159],[112.605556,35.397956],[112.604776,35.397108],[112.604026,35.396397],[112.603716,35.396222],[112.603407,35.396154],[112.603232,35.396168],[112.593859,35.398424],[112.589199,35.402078],[112.582174,35.402586],[112.572988,35.403251],[112.572928,35.403252],[112.572868,35.40325],[112.572808,35.403247],[112.572747,35.40324],[112.572688,35.403231],[112.572629,35.403219],[112.572572,35.403205],[112.572517,35.403188],[112.572464,35.403168],[112.572413,35.403146],[112.572366,35.403121],[112.572286,35.403067],[112.572216,35.403005],[112.572156,35.402936],[112.572104,35.402859],[112.572059,35.402778],[112.570718,35.399996],[112.569594,35.396409],[112.569485,35.39438],[112.569928,35.393755],[112.570388,35.393107],[112.571171,35.392212],[112.57172,35.391586],[112.572425,35.390926],[112.572887,35.390256],[112.573161,35.38946],[112.573132,35.388555],[112.572883,35.387666],[112.5722,35.387087],[112.571198,35.386801],[112.570275,35.386675],[112.559505,35.386938],[112.558142,35.387193],[112.556986,35.387625],[112.555728,35.388168],[112.555061,35.388713],[112.554038,35.39009],[112.553324,35.39074],[112.552477,35.391381],[112.552056,35.391606],[112.551719,35.391773],[112.550493,35.392194],[112.549203,35.392455],[112.547736,35.392695],[112.546983,35.392709],[112.546008,35.39261],[112.545594,35.392494],[112.544645,35.391804],[112.544369,35.391426],[112.544022,35.390833],[112.544081,35.390305],[112.544386,35.389134],[112.552773,35.380459],[112.553665,35.379833],[112.55583,35.378413],[112.556801,35.377988],[112.557491,35.378003],[112.558571,35.378141],[112.560176,35.378808],[112.562344,35.379145],[112.563658,35.379114],[112.564944,35.378836],[112.567564,35.377422],[112.568721,35.376608],[112.569438,35.376102],[112.570565,35.374769],[112.573704,35.370852],[112.573942,35.370588],[112.574894,35.369532],[112.575649,35.369019],[112.576591,35.368628],[112.577269,35.368469],[112.578182,35.368533],[112.580332,35.368742],[112.580849,35.368994],[112.580889,35.369088],[112.581038,35.369587],[112.581705,35.370398],[112.582168,35.370615],[112.582554,35.370738],[112.58285,35.370743],[112.583479,35.370611],[112.584094,35.370313],[112.585458,35.369002],[112.585653,35.368535],[112.585767,35.368121],[112.585728,35.367775],[112.585559,35.367251],[112.584503,35.364207],[112.584219,35.363979],[112.583793,35.363724],[112.582295,35.362919],[112.581445,35.362534],[112.58104,35.362276],[112.580323,35.361584],[112.579213,35.359305],[112.57887,35.358355],[112.57849,35.356691],[112.578065,35.354765],[112.577745,35.352046],[112.577751,35.351875],[112.577983,35.351163],[112.578405,35.350524],[112.578941,35.35009],[112.579668,35.349666],[112.580523,35.349436],[112.580956,35.349367],[112.590479,35.348936],[112.591285,35.349018],[112.591611,35.349272],[112.592119,35.34978],[112.592619,35.350753],[112.592759,35.351534],[112.59265,35.351905],[112.591577,35.355354],[112.591283,35.355984],[112.5909,35.356385],[112.590333,35.356701],[112.590167,35.356953],[112.589771,35.357738],[112.589662,35.358503],[112.589732,35.358979],[112.589883,35.359618],[112.590921,35.360999],[112.591752,35.361621],[112.595935,35.364177],[112.596591,35.364544],[112.597373,35.364861],[112.598457,35.36506],[112.599113,35.365013],[112.600122,35.364924],[112.601123,35.364258],[112.601423,35.363929],[112.601686,35.363304],[112.60178,35.362644],[112.601682,35.361922],[112.601319,35.361018],[112.601149,35.360624],[112.600952,35.360325],[112.599695,35.359583],[112.598613,35.358995],[112.596147,35.357151],[112.595641,35.356762],[112.595283,35.356358],[112.595076,35.35601],[112.594979,35.355791],[112.594918,35.35546],[112.594922,35.355241],[112.594944,35.355146],[112.5953,35.354558],[112.596356,35.353785],[112.596996,35.353532],[112.598074,35.353392],[112.598818,35.353119],[112.59943,35.352753],[112.600373,35.351955],[112.601071,35.351211],[112.601766,35.350116],[112.601833,35.34882],[112.601805,35.348598],[112.601684,35.348122],[112.601588,35.347859],[112.60152,35.347738],[112.600825,35.347063],[112.600293,35.346713],[112.599611,35.346348],[112.597854,35.345781],[112.597038,35.345589],[112.596642,35.345522],[112.596022,35.345511],[112.595286,35.345452],[112.594777,35.345299],[112.594406,35.345134],[112.589913,35.340753],[112.589756,35.340579],[112.589735,35.340385],[112.589795,35.34019],[112.59141,35.335074],[112.591928,35.334262],[112.592661,35.333697],[112.592976,35.333684],[112.594322,35.333968],[112.594872,35.333991],[112.595416,35.333965],[112.595773,35.333865],[112.59714,35.332952],[112.597289,35.332837],[112.597573,35.332598],[112.597701,35.33247],[112.597933,35.332173],[112.598285,35.33161],[112.598469,35.331303],[112.598726,35.330851],[112.598832,35.330528],[112.598867,35.330364],[112.598879,35.330198],[112.598874,35.330031],[112.598806,35.329703],[112.598712,35.329382],[112.598523,35.328906],[112.598439,35.328756],[112.597834,35.328084],[112.597702,35.327959],[112.597359,35.327778],[112.597005,35.327612],[112.596821,35.327541],[112.596259,35.327352],[112.595774,35.327106],[112.595659,35.326984],[112.595585,35.32683],[112.59477,35.325127],[112.59427,35.324033],[112.594211,35.323875],[112.594167,35.323713],[112.594128,35.323551],[112.5941,35.323217],[112.59413,35.323052],[112.59418,35.322891],[112.594337,35.322592],[112.597082,35.318983],[112.60163,35.314045],[112.603667,35.311837],[112.607171,35.305436],[112.606772,35.30501],[112.606733,35.304887],[112.606659,35.304227],[112.60666,35.303961],[112.606684,35.303415],[112.606818,35.302644],[112.607405,35.301857],[112.611712,35.297817],[112.614078,35.295663],[112.615419,35.294584],[112.617123,35.29368],[112.618426,35.293298],[112.619394,35.293285],[112.620561,35.29338],[112.621493,35.293815],[112.621671,35.294011],[112.622055,35.295141],[112.622152,35.295352],[112.622865,35.296852],[112.62314,35.297397],[112.623719,35.297915],[112.625423,35.298828],[112.625923,35.299031],[112.626275,35.299146],[112.626378,35.299179],[112.627394,35.299292],[112.628006,35.299186],[112.628403,35.299036],[112.628768,35.298732],[112.629312,35.297889],[112.62956,35.297381],[112.629646,35.296887],[112.629641,35.296719],[112.62916,35.29554],[112.628147,35.294524],[112.627102,35.293401],[112.626511,35.292299],[112.626244,35.291629],[112.626158,35.291298],[112.626252,35.290604],[112.626288,35.290452],[112.627328,35.289569],[112.62859,35.289031],[112.630122,35.28876],[112.630524,35.288691],[112.63195,35.288247],[112.633177,35.287693],[112.633837,35.28733],[112.634426,35.286805],[112.634713,35.286388],[112.634848,35.285953],[112.634868,35.285567],[112.634836,35.285067],[112.634599,35.284344],[112.634286,35.283913],[112.633183,35.283335],[112.631878,35.282947],[112.631326,35.282918],[112.630775,35.282925],[112.630416,35.283027],[112.629947,35.28319],[112.619269,35.28757],[112.61859,35.287948],[112.617218,35.289211],[112.61679,35.289582],[112.615506,35.290385],[112.614497,35.290796],[112.613473,35.291148],[112.612821,35.291263],[112.612386,35.291228],[112.611682,35.291042],[112.611297,35.290828],[112.611007,35.290579],[112.610261,35.289914],[112.60966,35.289281],[112.609148,35.288275],[112.608713,35.287364],[112.608279,35.286021],[112.608055,35.284944],[112.607781,35.283049],[112.607632,35.282368],[112.607387,35.281619],[112.607047,35.281088],[112.606722,35.280815],[112.605845,35.280413],[112.605792,35.280395],[112.605323,35.280401],[112.604845,35.280441],[112.60408,35.280711],[112.603352,35.281115],[112.602775,35.281472],[112.602198,35.28194],[112.601529,35.282641],[112.600827,35.283691],[112.600035,35.284743],[112.599261,35.285376],[112.598482,35.285856],[112.597908,35.286043],[112.596727,35.286159],[112.596164,35.286065],[112.59591,35.285901],[112.594921,35.285172],[112.594725,35.284905],[112.594624,35.284445],[112.594678,35.28366],[112.594877,35.282687],[112.595329,35.281303],[112.595368,35.281234],[112.595693,35.28078],[112.596587,35.279718],[112.602101,35.274115],[112.607337,35.272734],[112.608938,35.273208],[112.609579,35.27333],[112.610187,35.273203],[112.610265,35.273104],[112.610613,35.272644],[112.611001,35.272132],[112.612281,35.270445],[112.613196,35.269059],[112.613504,35.26857],[112.613801,35.268077],[112.614014,35.267557],[112.614159,35.267023],[112.614251,35.266567],[112.614284,35.265975],[112.614128,35.260594],[112.614075,35.260059],[112.613996,35.259546],[112.613893,35.259261],[112.613655,35.258858],[112.613504,35.25862],[112.612995,35.258146],[112.612653,35.257833],[112.612244,35.257534],[112.611798,35.25733],[112.611433,35.257219],[112.610667,35.257139],[112.610047,35.257157],[112.60926,35.25719],[112.608838,35.2573],[112.608433,35.257625],[112.607813,35.258197],[112.607379,35.258615],[112.606832,35.259058],[112.606573,35.259142],[112.606445,35.259166],[112.606285,35.259113],[112.605833,35.258868],[112.605554,35.25839],[112.60537,35.257867],[112.60533,35.257319],[112.605301,35.256771],[112.605408,35.256234],[112.605795,35.255187],[112.6062,35.254764],[112.608178,35.253313],[112.608702,35.252982],[112.609644,35.252573],[112.609646,35.252572],[112.610028,35.252151],[112.612151,35.249809],[112.612905,35.24848],[112.612996,35.248319],[112.614313,35.246],[112.618449,35.244632],[112.619081,35.244424],[112.619253,35.244367],[112.620339,35.244008],[112.625113,35.242429],[112.62912,35.241819],[112.629661,35.241742],[112.632286,35.241575],[112.632601,35.241586],[112.632621,35.23796],[112.632417,35.237445],[112.632167,35.236811],[112.630696,35.23309],[112.629918,35.231122],[112.626992,35.230433],[112.624443,35.229833],[112.620367,35.228873],[112.620153,35.228361],[112.617834,35.223089],[112.617723,35.222886],[112.617589,35.222778],[112.614613,35.22117],[112.614072,35.220958],[112.613663,35.220824],[112.612796,35.220724],[112.612204,35.220774],[112.610921,35.220941],[112.607204,35.221717],[112.60624,35.221936],[112.604743,35.222445],[112.604066,35.222697],[112.599999,35.22344],[112.598425,35.223586],[112.595876,35.223757],[112.589417,35.224192],[112.588959,35.224198],[112.588244,35.22404],[112.58785,35.223823],[112.587557,35.223548],[112.586736,35.222349],[112.586091,35.221397],[112.585697,35.221005],[112.585359,35.220797],[112.585041,35.220732],[112.572228,35.221248],[112.572146,35.221253],[112.572085,35.221262],[112.571984,35.221281],[112.571905,35.2213],[112.571828,35.221326],[112.5704,35.221967],[112.570347,35.221994],[112.570261,35.222042],[112.570179,35.222093],[112.570021,35.222203],[112.569916,35.222285],[112.569765,35.222425],[112.569691,35.222484],[112.569626,35.222526],[112.569558,35.222564],[112.569488,35.2226],[112.569397,35.222642],[112.569212,35.222718],[112.569154,35.222735],[112.569114,35.222743],[112.568623,35.222798],[112.56854,35.2228],[112.568437,35.222795],[112.568212,35.222768],[112.56811,35.22275],[112.56801,35.222729],[112.567792,35.222676],[112.566881,35.222448],[112.566783,35.222421],[112.566688,35.222387],[112.566596,35.222349],[112.566488,35.222298],[112.563686,35.220896],[112.563601,35.220847],[112.563122,35.22055],[112.56298,35.220452],[112.562857,35.22036],[112.562741,35.220263],[112.562645,35.220174],[112.56262,35.220145],[112.562161,35.219318],[112.562114,35.219182],[112.561225,35.216392],[112.56118,35.216055],[112.561225,35.215468],[112.561274,35.215113],[112.561375,35.214456],[112.561501,35.213981],[112.5615,35.212933],[112.561365,35.212189],[112.561292,35.211911],[112.561186,35.21169],[112.561012,35.211456],[112.560873,35.211291],[112.560623,35.211138],[112.560363,35.211068],[112.559316,35.21097],[112.558677,35.211052],[112.557769,35.211178],[112.556096,35.211422],[112.554895,35.211604],[112.554456,35.211679],[112.553884,35.211895],[112.547379,35.214424],[112.545235,35.215512],[112.538791,35.21878],[112.537029,35.221543],[112.526801,35.224427],[112.526481,35.224065],[112.526243,35.223857],[112.525997,35.223695],[112.525634,35.223511],[112.523155,35.222683],[112.512107,35.219761],[112.511938,35.219716],[112.511751,35.219733],[112.497796,35.224567],[112.490959,35.226936],[112.486646,35.230157],[112.486349,35.231153],[112.486208,35.231424],[112.485994,35.231666],[112.485492,35.232181],[112.485204,35.232349],[112.484423,35.232524],[112.484059,35.232573],[112.483566,35.232579],[112.482051,35.232304],[112.481498,35.232185],[112.480985,35.232012],[112.480451,35.231779],[112.479333,35.231092],[112.478382,35.230293],[112.477937,35.22988],[112.477119,35.229066],[112.476837,35.228674],[112.47668,35.228288],[112.476435,35.227759],[112.475934,35.226977],[112.475656,35.226658],[112.475346,35.226355],[112.475123,35.2262],[112.474816,35.226045],[112.47455,35.22598],[112.473968,35.225998],[112.473506,35.226067],[112.47302,35.226243],[112.472821,35.22635],[112.472462,35.226669],[112.469665,35.228367],[112.466486,35.230297],[112.465809,35.230683],[112.465352,35.230856],[112.461674,35.231989],[112.461422,35.23204],[112.46111,35.23202],[112.458526,35.231596],[112.457995,35.231483],[112.445581,35.228744],[112.44338,35.23215],[112.443604,35.232275],[112.443721,35.232441],[112.443732,35.232623],[112.443624,35.234415],[112.443592,35.23458],[112.443405,35.234869],[112.443141,35.235148],[112.442996,35.235209],[112.442566,35.235278],[112.427938,35.237623],[112.423902,35.238028],[112.410541,35.23937],[112.408764,35.239548],[112.400657,35.241615],[112.400109,35.242265],[112.399622,35.242542],[112.399351,35.24265],[112.398878,35.242731],[112.398345,35.242708],[112.39296,35.242245],[112.3891,35.241586],[112.385051,35.24047],[112.384595,35.240339],[112.382242,35.239465],[112.381818,35.23923],[112.381614,35.239053],[112.3815,35.23877],[112.381359,35.237979],[112.381094,35.23632],[112.380793,35.234876],[112.380683,35.234562],[112.380402,35.234218],[112.380179,35.233981],[112.37633,35.230594],[112.375687,35.230595],[112.358996,35.219994],[112.358662,35.220083],[112.358354,35.220191],[112.358156,35.220358],[112.357809,35.220845],[112.357744,35.221104],[112.357609,35.221412],[112.357457,35.22168],[112.35719,35.221897],[112.356826,35.222066],[112.35649,35.222158],[112.356145,35.222207],[112.35376,35.222458],[112.353378,35.222463],[112.343214,35.222156],[112.342684,35.222087],[112.342191,35.222018],[112.34166,35.221874],[112.341238,35.221732],[112.33953,35.221537],[112.329362,35.220379],[112.31881,35.220748],[112.306932,35.221521],[112.30165,35.221937],[112.300976,35.221989],[112.300721,35.222007],[112.300138,35.222013],[112.299407,35.221931],[112.297651,35.221591],[112.294702,35.220892],[112.293896,35.220523],[112.293155,35.220157],[112.290032,35.219532],[112.284224,35.218741],[112.281667,35.218494],[112.281299,35.218498],[112.28108,35.218529],[112.280886,35.218644],[112.280786,35.218853],[112.280698,35.21911],[112.280421,35.220442],[112.280384,35.220901],[112.280595,35.221579],[112.280892,35.222142],[112.283373,35.226784],[112.283846,35.227364],[112.284639,35.227925],[112.288388,35.233239],[112.289487,35.234884],[112.292813,35.239864],[112.29372,35.241863],[112.296069,35.24704],[112.296262,35.247734],[112.296327,35.248392],[112.296331,35.248646],[112.296279,35.248826],[112.295682,35.249593],[112.295485,35.249838],[112.293689,35.251612],[112.293439,35.251801],[112.292216,35.252581],[112.292016,35.252628],[112.291815,35.252615],[112.286407,35.252047],[112.286153,35.251943],[112.285799,35.251706],[112.282448,35.250978],[112.280571,35.25057],[112.276219,35.249917],[112.273109,35.24945],[112.270438,35.249459],[112.267069,35.249516],[112.264807,35.249758],[112.264298,35.249838],[112.26386,35.249842],[112.263202,35.249774],[112.262416,35.249663],[112.257651,35.24834],[112.257055,35.24816],[112.256712,35.24802],[112.254548,35.246976],[112.253071,35.246162],[112.252615,35.245814],[112.252139,35.245393],[112.247737,35.242081],[112.241711,35.238045],[112.241223,35.237826],[112.240746,35.237633],[112.236232,35.236081],[112.235997,35.236029],[112.235736,35.236009],[112.219814,35.237704],[112.219417,35.237758],[112.218964,35.237821],[112.211244,35.23914],[112.209877,35.239407],[112.209562,35.239511],[112.20698,35.241534],[112.206433,35.242044],[112.205488,35.242998],[112.205151,35.243407],[112.204577,35.244157],[112.20445,35.244399],[112.203816,35.24592],[112.203719,35.246211],[112.203644,35.246592],[112.20365,35.246948],[112.203615,35.247313],[112.203568,35.247578],[112.20324,35.248575],[112.202927,35.249249],[112.20272,35.249598],[112.202461,35.249866],[112.202182,35.250076],[112.201742,35.25037],[112.196293,35.253328],[112.194643,35.254223],[112.189547,35.256989],[112.189195,35.2571],[112.188823,35.257211],[112.17234,35.261521],[112.161361,35.264391],[112.159968,35.264379],[112.159363,35.264427],[112.159041,35.264471],[112.158406,35.26456],[112.157682,35.264699],[112.155309,35.265351],[112.1544,35.26562],[112.150888,35.266834],[112.148703,35.267898],[112.14411,35.26934],[112.130618,35.271835],[112.130074,35.271923],[112.129429,35.272012],[112.129066,35.272023],[112.128611,35.272036],[112.12364,35.271629],[112.123531,35.271611],[112.123305,35.27151],[112.12191,35.27017],[112.121544,35.269767],[112.120474,35.268278],[112.117791,35.266233],[112.117485,35.266054],[112.116949,35.265968],[112.111431,35.265112],[112.110211,35.265692],[112.109782,35.265896],[112.107381,35.267039],[112.104626,35.268349],[112.105994,35.270928],[112.102971,35.274598],[112.095024,35.276633],[112.084503,35.279327],[112.06962,35.277123],[112.059617,35.278587],[112.05432,35.279608],[112.052545,35.27995],[112.052376,35.280243],[112.052282,35.280445],[112.05219,35.280734],[112.050529,35.287407],[112.050453,35.287786],[112.050427,35.288016],[112.050427,35.288024],[112.050446,35.2885],[112.050504,35.288628],[112.050605,35.288687],[112.050986,35.288806],[112.051597,35.28911],[112.052248,35.289442],[112.057271,35.292234],[112.057455,35.292398],[112.057872,35.29279],[112.05819,35.293135],[112.058258,35.293266],[112.059398,35.296745],[112.05995,35.298428],[112.061531,35.303254],[112.063778,35.310436],[112.063846,35.310657],[112.063905,35.310873],[112.063959,35.311082],[112.064018,35.311326],[112.064066,35.311544],[112.064112,35.311767],[112.064155,35.311996],[112.064194,35.31223],[112.064242,35.312554],[112.064265,35.312777],[112.064274,35.312999],[112.064262,35.313222],[112.064098,35.314677],[112.063854,35.315094],[112.058837,35.323373],[112.058626,35.323576],[112.058402,35.323714],[112.058154,35.323808],[112.054812,35.324965],[112.051799,35.326028],[112.051452,35.32616],[112.0502,35.326681],[112.049962,35.326783],[112.049727,35.326907],[112.049501,35.327063],[112.049175,35.327404],[112.049079,35.327648],[112.049043,35.327879],[112.048709,35.330101],[112.048667,35.33076],[112.048688,35.331194],[112.048832,35.331432],[112.048965,35.331605],[112.048999,35.331655],[112.049043,35.331773],[112.049061,35.33189],[112.049168,35.333268],[112.049245,35.337187],[112.049241,35.33744],[112.049214,35.337666],[112.049132,35.337971],[112.049054,35.338171],[112.048965,35.338382],[112.048532,35.339394],[112.048434,35.339606],[112.048322,35.33981],[112.048171,35.340026],[112.046746,35.341832],[112.046578,35.342007],[112.046227,35.342241],[112.046019,35.342308],[112.034567,35.34493],[112.034141,35.34502],[112.02962,35.345871],[112.025526,35.346641],[112.023615,35.34657],[112.021481,35.346798],[112.021032,35.346878],[112.020741,35.346962],[112.020478,35.347067],[112.020239,35.347185],[112.020023,35.347309],[112.019152,35.347813],[112.018795,35.348033],[112.018575,35.348195],[112.018376,35.348362],[112.018194,35.348533],[112.018025,35.348706],[112.017064,35.349728],[112.016755,35.350072],[112.016593,35.350265],[112.016441,35.350458],[112.016295,35.350652],[112.016155,35.350845],[112.016019,35.351037],[112.015482,35.351809],[112.015345,35.35201],[112.015213,35.352212],[112.015088,35.352414],[112.014937,35.352689],[112.014841,35.352895],[112.014757,35.353111],[112.014669,35.353475],[112.014663,35.353699],[112.01475,35.355947],[112.014775,35.356586],[112.014837,35.358168],[112.014916,35.358374],[112.01529,35.358674],[112.017584,35.362352],[112.018159,35.363568],[112.019155,35.365676],[112.01994,35.36902],[112.019987,35.369579],[112.0205,35.375734],[112.019974,35.378966],[112.019792,35.380081],[112.019332,35.382901],[112.019176,35.383862],[112.018895,35.385584],[112.018511,35.387939],[112.019675,35.39263],[112.020809,35.393465],[112.022132,35.394171],[112.023086,35.394601],[112.025983,35.39575],[112.026509,35.395847],[112.027044,35.395862],[112.027943,35.395755],[112.02858,35.395522],[112.029565,35.395082],[112.033333,35.392474],[112.034486,35.391364],[112.035453,35.390501],[112.037251,35.389221],[112.037712,35.389097],[112.038442,35.389131],[112.044043,35.389521],[112.046795,35.389756],[112.048404,35.389981],[112.059258,35.392098],[112.060137,35.392289],[112.061127,35.393067],[112.061479,35.393568],[112.061631,35.39382],[112.061617,35.394475],[112.061264,35.400075],[112.060629,35.410267],[112.060767,35.410625],[112.061344,35.412115],[112.062139,35.414171],[112.062387,35.414814],[112.064772,35.420977],[112.071084,35.423864],[112.071671,35.426873],[112.072906,35.436047],[112.073164,35.438838],[112.073674,35.444348],[112.073924,35.448529],[112.073978,35.448927],[112.074327,35.449582],[112.074749,35.450195],[112.075341,35.450708],[112.075978,35.451041],[112.080336,35.452815],[112.0831,35.453787],[112.083615,35.454041],[112.084009,35.454416],[112.084335,35.45509],[112.085268,35.459326],[112.085155,35.459944],[112.084677,35.460606],[112.083765,35.46161],[112.082951,35.462674],[112.082501,35.463614],[112.082416,35.464531],[112.082548,35.465247],[112.082876,35.466141],[112.084115,35.468434],[112.086243,35.472024],[112.086565,35.472294],[112.086992,35.472436],[112.090295,35.472925],[112.091632,35.47306],[112.096361,35.473992],[112.100584,35.476648],[112.100928,35.476875],[112.101081,35.476976],[112.103223,35.478394],[112.107343,35.48112],[112.1085,35.483981],[112.108554,35.484147],[112.108973,35.485594],[112.110467,35.488847],[112.111187,35.490173],[112.112333,35.492283],[112.113215,35.492695],[112.113465,35.492798],[112.114197,35.492871],[112.114904,35.4929],[112.135188,35.492316],[112.135549,35.492054],[112.135958,35.491632],[112.136294,35.491277],[112.138213,35.488626],[112.138245,35.488519],[112.140272,35.484975],[112.148668,35.480953],[112.149515,35.480586],[112.150266,35.48032],[112.150777,35.480295],[112.157302,35.480133],[112.158253,35.480144],[112.15913,35.480215],[112.161891,35.480766],[112.169097,35.482231],[112.171448,35.483104],[112.174261,35.485587],[112.174508,35.485864],[112.174661,35.48634],[112.176787,35.494593],[112.177862,35.498769],[112.178277,35.50038],[112.179435,35.504874],[112.18029,35.508191],[112.180759,35.511901],[112.18086,35.512698],[112.180964,35.515328],[112.181306,35.523954],[112.181314,35.524043],[112.18143,35.524154],[112.181732,35.524165],[112.1876,35.524126],[112.188654,35.524111],[112.189141,35.524058],[112.189284,35.523978],[112.189994,35.523538],[112.191141,35.523093],[112.194831,35.521859],[112.195671,35.5218],[112.196234,35.521896],[112.203336,35.524019],[112.20375,35.524369],[112.204069,35.524876],[112.204686,35.526551],[112.20476,35.527314],[112.204648,35.528156],[112.204411,35.529025],[112.203997,35.530481],[112.20367,35.53158],[112.203585,35.532167],[112.203716,35.532547],[112.206217,35.535146],[112.206659,35.535524],[112.207256,35.535824],[112.208319,35.536068],[112.209037,35.536137],[112.210248,35.535845],[112.210951,35.535447],[112.211175,35.535301],[112.212003,35.534401],[112.213101,35.533012],[112.219292,35.529996],[112.227418,35.529429],[112.2279,35.529404],[112.228026,35.529412],[112.230294,35.530088],[112.232519,35.530855],[112.23506,35.53195],[112.236192,35.532576],[112.236698,35.533054],[112.237181,35.534094],[112.237827,35.53614],[112.238868,35.539437],[112.239027,35.539954],[112.239049,35.540466],[112.238756,35.540996],[112.2346,35.546655],[112.222115,35.557889],[112.216147,35.56116],[112.215339,35.561346],[112.214721,35.561709],[112.213984,35.56243],[112.213189,35.563457],[112.205046,35.575589],[112.204932,35.576328],[112.20488,35.577017],[112.205015,35.577703],[112.205337,35.578362],[112.209841,35.584126],[112.212278,35.587243],[112.213246,35.587692],[112.213447,35.587894],[112.215017,35.590119],[112.215675,35.591863],[112.215525,35.592246],[112.215311,35.592503],[112.214065,35.592643],[112.211323,35.592824],[112.209577,35.592841],[112.208112,35.592881],[112.207428,35.593016],[112.206746,35.593328],[112.205603,35.594027],[112.204492,35.594854],[112.203877,35.59542],[112.203231,35.596064],[112.202652,35.596961],[112.202353,35.597779],[112.198822,35.609391],[112.198071,35.611859],[112.199859,35.612504],[112.200959,35.613079],[112.202286,35.614186],[112.202984,35.614969],[112.203277,35.615782],[112.203445,35.616595],[112.203018,35.618105],[112.202775,35.618582],[112.201986,35.619461],[112.200666,35.620833],[112.199283,35.621437],[112.198749,35.621615],[112.195506,35.622575],[112.194872,35.622693],[112.194228,35.622811],[112.19323,35.622901],[112.192746,35.622998],[112.192039,35.623309],[112.191572,35.623641],[112.191105,35.624154],[112.188797,35.636612],[112.188716,35.637453],[112.188727,35.638166],[112.188837,35.641401],[112.189032,35.641959],[112.189451,35.642796],[112.19028,35.643985],[112.191519,35.64545],[112.19266,35.646636],[112.194521,35.647968],[112.196346,35.648943],[112.197066,35.649115],[112.215388,35.651224],[112.216076,35.651293],[112.216922,35.651215],[112.227172,35.650264],[112.233144,35.648929],[112.245089,35.648322],[112.245751,35.648774],[112.24701,35.649448],[112.247794,35.649479],[112.251706,35.648492],[112.252127,35.648321],[112.258111,35.645682],[112.266112,35.64537],[112.266585,35.645377],[112.266939,35.645385],[112.267474,35.645417],[112.268367,35.645614],[112.268603,35.645674],[112.270459,35.646404],[112.270692,35.646496],[112.270801,35.646558],[112.27152,35.646969],[112.271859,35.647163],[112.272878,35.647744],[112.279931,35.652806],[112.280505,35.657052],[112.280231,35.657429],[112.27986,35.65797],[112.279835,35.658089],[112.279777,35.663584],[112.282197,35.667901],[112.286622,35.66913],[112.287602,35.669254],[112.288076,35.669371],[112.288444,35.669558],[112.290932,35.671248],[112.293404,35.672928],[112.293463,35.672968],[112.29966,35.677179],[112.301371,35.678342],[112.307214,35.682863],[112.308287,35.683867],[112.308973,35.68429],[112.309465,35.684439],[112.310409,35.68449],[112.311198,35.684297],[112.311906,35.683766],[112.312381,35.682868],[112.313,35.681477],[112.313733,35.680208],[112.314363,35.679524],[112.315039,35.679363],[112.320689,35.680165],[112.325125,35.680794],[112.327879,35.681185],[112.334793,35.683821],[112.335665,35.684959],[112.336868,35.685537],[112.341966,35.687045],[112.342349,35.687006],[112.342515,35.686795],[112.342624,35.686537],[112.342807,35.685647],[112.342833,35.685504],[112.343201,35.6819],[112.343194,35.681847],[112.343189,35.681813],[112.343158,35.681743],[112.342893,35.681343],[112.341936,35.680194],[112.34114,35.678464],[112.34207,35.674901],[112.342573,35.674523],[112.342714,35.67445],[112.342787,35.674439],[112.342906,35.674465],[112.350737,35.676894],[112.352351,35.677764],[112.357717,35.680852],[112.360705,35.683624],[112.365093,35.68219],[112.365152,35.681235],[112.36563,35.680461],[112.365796,35.680311],[112.368056,35.679122],[112.368126,35.679106],[112.374216,35.677838],[112.374858,35.677713],[112.375361,35.677811],[112.378656,35.678097],[112.380009,35.678012],[112.383153,35.677815],[112.38536,35.677268],[112.387057,35.676831],[112.389002,35.675922],[112.390552,35.674374],[112.391847,35.672864],[112.396951,35.668624],[112.399,35.667247],[112.400373,35.666891],[112.40447,35.666139],[112.407879,35.665679],[112.409984,35.665578],[112.416216,35.665984],[112.419319,35.667716],[112.41934,35.667739],[112.419407,35.667811],[112.419561,35.667843],[112.421292,35.667974],[112.421811,35.667826],[112.422601,35.667196],[112.422962,35.666893],[112.429164,35.66138],[112.431057,35.659697],[112.431404,35.655273],[112.431544,35.654307],[112.431544,35.654304],[112.43212,35.650316],[112.433325,35.645923],[112.434003,35.645088],[112.438289,35.64137],[112.439356,35.640899],[112.440057,35.640814],[112.446262,35.637226],[112.452267,35.632952],[112.453607,35.631981],[112.454108,35.631249],[112.454308,35.629375],[112.453871,35.628502],[112.452912,35.627215],[112.451856,35.625738],[112.450074,35.622895],[112.449041,35.620081],[112.447136,35.614736],[112.447117,35.61445],[112.448303,35.611885],[112.448538,35.611453],[112.449227,35.610832],[112.450163,35.610002],[112.45112,35.609373],[112.451498,35.609133],[112.452273,35.608857],[112.454385,35.60816],[112.456433,35.607162],[112.462035,35.604209],[112.462158,35.604099],[112.465906,35.600307],[112.466073,35.599751],[112.466049,35.598969],[112.464652,35.594172],[112.464477,35.593897],[112.464054,35.59375],[112.461907,35.59319],[112.460978,35.592853],[112.460353,35.592127],[112.452895,35.583404],[112.452457,35.582618],[112.451215,35.573643],[112.451211,35.573569],[112.451234,35.573504],[112.451755,35.572249],[112.452243,35.571262],[112.452806,35.57012],[112.452836,35.57008],[112.453747,35.56991],[112.456363,35.569802],[112.459916,35.569836],[112.462489,35.569919],[112.464218,35.56986],[112.4651,35.569543],[112.466115,35.568805],[112.466421,35.567618],[112.465783,35.565945],[112.465387,35.564727],[112.464981,35.563013],[112.464674,35.561527],[112.464263,35.55947],[112.464201,35.558668],[112.46433,35.558017],[112.470518,35.551036],[112.470584,35.550977],[112.471162,35.550753],[112.479585,35.553859],[112.480342,35.554384],[112.483961,35.557968],[112.48735,35.561784],[112.487314,35.562358],[112.486401,35.563553],[112.485994,35.564284],[112.486006,35.564933],[112.486359,35.566342],[112.488228,35.571323],[112.488418,35.571511],[112.488839,35.571506],[112.490366,35.570685],[112.491653,35.569485],[112.493121,35.567977],[112.494219,35.566665],[112.495916,35.564925],[112.497027,35.5643],[112.499346,35.563355],[112.502488,35.562487],[112.503478,35.562475],[112.505919,35.562748],[112.506952,35.562802],[112.507528,35.562728],[112.508062,35.562552],[112.512705,35.559256],[112.513273,35.558709],[112.514975,35.557035],[112.517975,35.554165],[112.520252,35.552348],[112.520986,35.551867],[112.52197,35.551551],[112.523414,35.551499],[112.52457,35.551518],[112.525651,35.551977],[112.526583,35.553213],[112.526897,35.554524],[112.527142,35.556578],[112.527289,35.557824],[112.527202,35.55879],[112.527493,35.559072],[112.528574,35.560124],[112.529354,35.56058],[112.539412,35.566028],[112.540434,35.566264],[112.541292,35.566283],[112.542059,35.566102],[112.54369,35.565036],[112.543981,35.564754],[112.546162,35.562643],[112.547576,35.561073],[112.548297,35.559917],[112.548742,35.559439],[112.552587,35.55767],[112.554026,35.557348],[112.555511,35.557329],[112.556796,35.557616],[112.557965,35.558275],[112.559065,35.559677],[112.560582,35.56131],[112.56121,35.561741],[112.562122,35.561931],[112.563647,35.561844],[112.565287,35.561283],[112.566268,35.560764],[112.568458,35.55878],[112.568529,35.558205],[112.573679,35.5577],[112.584095,35.559356],[112.595043,35.561095],[112.595704,35.561087],[112.603943,35.560303],[112.604389,35.559926],[112.605667,35.55775],[112.606265,35.556697],[112.606244,35.555651],[112.605937,35.554745],[112.605259,35.553877],[112.60442,35.55318],[112.595292,35.546589],[112.594376,35.546163],[112.593466,35.546074],[112.592189,35.546192],[112.590837,35.546648],[112.589441,35.547004],[112.588408,35.546984],[112.587658,35.546623],[112.587189,35.545853],[112.587085,35.544742],[112.586974,35.543293],[112.58704,35.542449],[112.587152,35.54184],[112.588011,35.539367],[112.588578,35.538853],[112.593955,35.535308],[112.594571,35.535165],[112.610395,35.532088],[112.612083,35.531897],[112.614749,35.531934]]]]}}]}
